,time_stats.all_reduce.min,time_stats.all_reduce.max,time_stats.all_reduce.mean,time_stats.all_reduce.median,time_stats.all_reduce.std,rank,num_workers,size,collective,devices_per_node,max_devices_per_node
0,0.049,0.051000000000000004,0.04966666666666667,0.049,0.0009428090415820641,0,4,2048,all_reduce,4,4
1,0.025,0.051000000000000004,0.03866666666666667,0.04,0.010656244908763855,0,4,10240,all_reduce,4,4
2,0.038,0.054,0.046000000000000006,0.046,0.006531972647421809,0,4,18432,all_reduce,4,4
3,0.043000000000000003,0.051000000000000004,0.04766666666666667,0.049,0.0033993463423951896,0,4,26624,all_reduce,4,4
4,0.043000000000000003,0.049,0.04666666666666667,0.048,0.0026246692913372695,0,4,34816,all_reduce,4,4
5,0.038,0.052000000000000005,0.04700000000000001,0.051000000000000004,0.0063770421565696655,0,4,43008,all_reduce,4,4
6,0.047,0.049,0.04833333333333334,0.049,0.0009428090415820641,0,4,51200,all_reduce,4,4
7,0.051000000000000004,0.08,0.06066666666666667,0.051000000000000004,0.013670731102939917,0,4,59392,all_reduce,4,4
8,0.049,0.051000000000000004,0.05000000000000001,0.05,0.0008164965809277268,0,4,67584,all_reduce,4,4
9,0.046,0.083,0.06,0.051000000000000004,0.016391054470858996,0,4,75776,all_reduce,4,4
10,0.036000000000000004,0.05,0.04466666666666667,0.048,0.006182412330330469,0,4,83968,all_reduce,4,4
11,0.05,0.083,0.061,0.05,0.015556349186104046,0,4,92160,all_reduce,4,4
12,0.05,0.053,0.05133333333333334,0.051000000000000004,0.0012472191289246452,0,4,100352,all_reduce,4,4
13,0.051000000000000004,0.082,0.06933333333333334,0.075,0.01327487183449325,0,4,108544,all_reduce,4,4
14,0.047,0.05,0.04866666666666667,0.049,0.0012472191289246482,0,4,116736,all_reduce,4,4
15,0.05,0.05,0.05000000000000001,0.05,6.938893903907228e-18,0,4,124928,all_reduce,4,4
16,0.042,0.053,0.04933333333333333,0.053,0.005185449728701347,0,4,133120,all_reduce,4,4
17,0.065,0.066,0.06566666666666666,0.066,0.00047140452079103207,0,4,141312,all_reduce,4,4
18,0.066,0.066,0.066,0.066,0.0,0,4,149504,all_reduce,4,4
19,0.066,0.066,0.066,0.066,0.0,0,4,157696,all_reduce,4,4
20,0.067,0.067,0.067,0.067,0.0,0,4,165888,all_reduce,4,4
21,0.068,0.068,0.068,0.068,0.0,0,4,174080,all_reduce,4,4
22,0.068,0.069,0.06833333333333334,0.068,0.00047140452079103207,0,4,182272,all_reduce,4,4
23,0.068,0.069,0.06866666666666667,0.069,0.00047140452079103207,0,4,190464,all_reduce,4,4
24,0.069,0.07200000000000001,0.07033333333333334,0.07,0.0012472191289246482,0,4,198656,all_reduce,4,4
25,0.07100000000000001,0.07100000000000001,0.07100000000000001,0.07100000000000001,0.0,0,4,206848,all_reduce,4,4
26,0.07200000000000001,0.07200000000000001,0.07200000000000001,0.07200000000000001,0.0,0,4,215040,all_reduce,4,4
27,0.073,0.073,0.073,0.073,0.0,0,4,223232,all_reduce,4,4
28,0.07200000000000001,0.073,0.07266666666666667,0.073,0.00047140452079102557,0,4,231424,all_reduce,4,4
29,0.074,0.075,0.07433333333333332,0.074,0.00047140452079103207,0,4,239616,all_reduce,4,4
30,0.075,0.08600000000000001,0.08233333333333333,0.08600000000000001,0.005185449728701353,0,4,247808,all_reduce,4,4
31,0.075,0.076,0.07566666666666666,0.076,0.00047140452079103207,0,4,256000,all_reduce,4,4
32,0.085,0.085,0.085,0.085,0.0,0,4,264192,all_reduce,4,4
33,0.084,0.085,0.08466666666666667,0.085,0.00047140452079103207,0,4,272384,all_reduce,4,4
34,0.08600000000000001,0.08700000000000001,0.08633333333333333,0.08600000000000001,0.00047140452079103207,0,4,280576,all_reduce,4,4
35,0.089,0.089,0.08900000000000001,0.089,1.3877787807814457e-17,0,4,288768,all_reduce,4,4
36,0.08600000000000001,0.08700000000000001,0.08666666666666667,0.08700000000000001,0.00047140452079103207,0,4,296960,all_reduce,4,4
37,0.08600000000000001,0.08700000000000001,0.08666666666666667,0.08700000000000001,0.00047140452079103207,0,4,305152,all_reduce,4,4
38,0.09,0.09,0.09000000000000001,0.09,1.3877787807814457e-17,0,4,313344,all_reduce,4,4
39,0.091,0.092,0.09133333333333334,0.091,0.00047140452079103207,0,4,321536,all_reduce,4,4
40,0.089,0.09,0.08966666666666667,0.09,0.00047140452079103207,0,4,329728,all_reduce,4,4
41,0.091,0.092,0.09166666666666667,0.092,0.00047140452079103207,0,4,337920,all_reduce,4,4
42,0.092,0.093,0.09233333333333334,0.092,0.00047140452079103207,0,4,346112,all_reduce,4,4
43,0.093,0.093,0.09300000000000001,0.093,1.3877787807814457e-17,0,4,354304,all_reduce,4,4
44,0.091,0.093,0.09233333333333334,0.093,0.0009428090415820641,0,4,362496,all_reduce,4,4
45,0.093,0.093,0.09300000000000001,0.093,1.3877787807814457e-17,0,4,370688,all_reduce,4,4
46,0.093,0.094,0.09366666666666668,0.094,0.00047140452079103207,0,4,378880,all_reduce,4,4
47,0.094,0.095,0.09466666666666668,0.095,0.00047140452079103207,0,4,387072,all_reduce,4,4
48,0.094,0.095,0.09466666666666668,0.095,0.00047140452079103207,0,4,395264,all_reduce,4,4
49,0.095,0.095,0.09500000000000001,0.095,1.3877787807814457e-17,0,4,403456,all_reduce,4,4
50,0.094,0.095,0.09466666666666668,0.095,0.00047140452079103207,0,4,411648,all_reduce,4,4
51,0.096,0.096,0.09600000000000002,0.096,1.3877787807814457e-17,0,4,419840,all_reduce,4,4
52,0.096,0.097,0.09633333333333334,0.096,0.00047140452079103207,0,4,428032,all_reduce,4,4
53,0.097,0.098,0.09733333333333334,0.097,0.00047140452079103207,0,4,436224,all_reduce,4,4
54,0.097,0.098,0.09733333333333334,0.097,0.00047140452079103207,0,4,444416,all_reduce,4,4
55,0.097,0.098,0.09733333333333334,0.097,0.00047140452079103207,0,4,452608,all_reduce,4,4
56,0.097,0.098,0.09766666666666668,0.098,0.00047140452079103207,0,4,460800,all_reduce,4,4
57,0.098,0.099,0.09833333333333334,0.098,0.00047140452079103207,0,4,468992,all_reduce,4,4
58,0.099,0.1,0.09933333333333334,0.099,0.00047140452079103207,0,4,477184,all_reduce,4,4
59,0.098,0.1,0.09900000000000002,0.099,0.0008164965809277268,0,4,485376,all_reduce,4,4
60,0.099,0.099,0.09900000000000002,0.099,1.3877787807814457e-17,0,4,493568,all_reduce,4,4
61,0.101,0.10200000000000001,0.10133333333333334,0.101,0.00047140452079103207,0,4,501760,all_reduce,4,4
62,0.101,0.10200000000000001,0.10166666666666668,0.10200000000000001,0.00047140452079103207,0,4,509952,all_reduce,4,4
63,0.101,0.10200000000000001,0.10166666666666668,0.10200000000000001,0.00047140452079103207,0,4,518144,all_reduce,4,4
64,0.101,0.10300000000000001,0.10233333333333335,0.10300000000000001,0.0009428090415820641,0,4,526336,all_reduce,4,4
65,0.10300000000000001,0.10300000000000001,0.10300000000000002,0.10300000000000001,1.3877787807814457e-17,0,4,534528,all_reduce,4,4
66,0.10300000000000001,0.10400000000000001,0.10333333333333335,0.10300000000000001,0.00047140452079103207,0,4,542720,all_reduce,4,4
67,0.105,0.105,0.105,0.105,0.0,0,4,550912,all_reduce,4,4
68,0.10400000000000001,0.105,0.10433333333333335,0.10400000000000001,0.00047140452079102557,0,4,559104,all_reduce,4,4
69,0.10400000000000001,0.106,0.105,0.105,0.0008164965809277211,0,4,567296,all_reduce,4,4
70,0.105,0.108,0.10633333333333334,0.106,0.0012472191289246482,0,4,575488,all_reduce,4,4
71,0.105,0.404,0.20466666666666666,0.105,0.14094995171651847,0,4,583680,all_reduce,4,4
72,0.106,0.108,0.10666666666666667,0.106,0.0009428090415820641,0,4,591872,all_reduce,4,4
73,0.106,0.107,0.10666666666666667,0.107,0.00047140452079103207,0,4,600064,all_reduce,4,4
74,0.108,0.109,0.10833333333333334,0.108,0.00047140452079103207,0,4,608256,all_reduce,4,4
75,0.106,0.108,0.10733333333333334,0.108,0.0009428090415820641,0,4,616448,all_reduce,4,4
76,0.108,0.11,0.109,0.109,0.0008164965809277268,0,4,624640,all_reduce,4,4
77,0.109,0.109,0.109,0.109,0.0,0,4,632832,all_reduce,4,4
78,0.108,0.11,0.109,0.109,0.0008164965809277268,0,4,641024,all_reduce,4,4
79,0.11,0.111,0.11033333333333334,0.11,0.00047140452079103207,0,4,649216,all_reduce,4,4
80,0.11,0.112,0.111,0.111,0.0008164965809277268,0,4,657408,all_reduce,4,4
81,0.111,0.113,0.11233333333333334,0.113,0.0009428090415820641,0,4,665600,all_reduce,4,4
82,0.111,0.113,0.11166666666666668,0.111,0.0009428090415820641,0,4,673792,all_reduce,4,4
83,0.113,0.114,0.11333333333333334,0.113,0.00047140452079103207,0,4,681984,all_reduce,4,4
84,0.112,0.115,0.11333333333333334,0.113,0.0012472191289246482,0,4,690176,all_reduce,4,4
85,0.114,0.115,0.11466666666666668,0.115,0.00047140452079103207,0,4,698368,all_reduce,4,4
86,0.114,0.116,0.115,0.115,0.0008164965809277268,0,4,706560,all_reduce,4,4
87,0.115,0.116,0.11533333333333334,0.115,0.00047140452079103207,0,4,714752,all_reduce,4,4
88,0.115,0.116,0.11566666666666668,0.116,0.00047140452079103207,0,4,722944,all_reduce,4,4
89,0.117,0.11900000000000001,0.11800000000000001,0.11800000000000001,0.0008164965809277268,0,4,731136,all_reduce,4,4
90,0.117,0.11800000000000001,0.11766666666666668,0.11800000000000001,0.00047140452079103207,0,4,739328,all_reduce,4,4
91,0.117,0.121,0.119,0.11900000000000001,0.0016329931618554478,0,4,747520,all_reduce,4,4
92,0.11800000000000001,0.122,0.11933333333333333,0.11800000000000001,0.001885618083164122,0,4,755712,all_reduce,4,4
93,0.11900000000000001,0.11900000000000001,0.11900000000000001,0.11900000000000001,0.0,0,4,763904,all_reduce,4,4
94,0.11800000000000001,0.11900000000000001,0.11866666666666668,0.11900000000000001,0.00047140452079103207,0,4,772096,all_reduce,4,4
95,0.12,0.12,0.12,0.12,0.0,0,4,780288,all_reduce,4,4
96,0.122,0.124,0.123,0.123,0.0008164965809277268,0,4,788480,all_reduce,4,4
97,0.121,0.123,0.12233333333333334,0.123,0.0009428090415820641,0,4,796672,all_reduce,4,4
98,0.121,0.123,0.122,0.122,0.0008164965809277268,0,4,804864,all_reduce,4,4
99,0.125,0.127,0.12633333333333333,0.127,0.0009428090415820641,0,4,813056,all_reduce,4,4
100,0.124,0.127,0.125,0.124,0.0014142135623730965,0,4,821248,all_reduce,4,4
101,0.124,0.127,0.12533333333333332,0.125,0.0012472191289246482,0,4,829440,all_reduce,4,4
102,0.125,0.128,0.12633333333333333,0.126,0.0012472191289246482,0,4,837632,all_reduce,4,4
103,0.123,0.125,0.12366666666666666,0.123,0.0009428090415820641,0,4,845824,all_reduce,4,4
104,0.134,0.135,0.13466666666666668,0.135,0.00047140452079103207,0,4,854016,all_reduce,4,4
105,0.136,0.139,0.1376666666666667,0.138,0.0012472191289246482,0,4,862208,all_reduce,4,4
106,0.134,0.136,0.135,0.135,0.0008164965809277268,0,4,870400,all_reduce,4,4
107,0.139,0.14,0.13933333333333334,0.139,0.00047140452079103207,0,4,878592,all_reduce,4,4
108,0.137,0.139,0.138,0.138,0.0008164965809277268,0,4,886784,all_reduce,4,4
109,0.128,0.132,0.13,0.13,0.0016329931618554536,0,4,894976,all_reduce,4,4
110,0.131,0.136,0.133,0.132,0.0021602468994692888,0,4,903168,all_reduce,4,4
111,0.13,0.131,0.13033333333333333,0.13,0.00047140452079103207,0,4,911360,all_reduce,4,4
112,0.139,0.14,0.1396666666666667,0.14,0.00047140452079103207,0,4,919552,all_reduce,4,4
113,0.14200000000000002,0.14400000000000002,0.14300000000000002,0.14300000000000002,0.0008164965809277268,0,4,927744,all_reduce,4,4
114,0.14,0.14200000000000002,0.14100000000000001,0.14100000000000001,0.0008164965809277268,0,4,935936,all_reduce,4,4
115,0.14300000000000002,0.145,0.14433333333333334,0.145,0.0009428090415820511,0,4,944128,all_reduce,4,4
116,0.14200000000000002,0.14300000000000002,0.14233333333333334,0.14200000000000002,0.00047140452079103207,0,4,952320,all_reduce,4,4
117,0.132,0.136,0.13466666666666668,0.136,0.0018856180831641283,0,4,960512,all_reduce,4,4
118,0.136,0.14,0.1386666666666667,0.14,0.0018856180831641283,0,4,968704,all_reduce,4,4
119,0.133,0.136,0.13433333333333333,0.134,0.0012472191289246482,0,4,976896,all_reduce,4,4
120,0.14300000000000002,0.14400000000000002,0.14333333333333334,0.14300000000000002,0.00047140452079103207,0,4,985088,all_reduce,4,4
121,0.147,0.149,0.148,0.148,0.0008164965809277268,0,4,993280,all_reduce,4,4
122,0.14400000000000002,0.146,0.14500000000000002,0.145,0.0008164965809277153,0,4,1001472,all_reduce,4,4
123,0.149,0.149,0.149,0.149,0.0,0,4,1009664,all_reduce,4,4
124,0.148,0.149,0.14866666666666664,0.149,0.00047140452079103207,0,4,1017856,all_reduce,4,4
125,0.138,0.14400000000000002,0.14033333333333334,0.139,0.002624669291337273,0,4,1026048,all_reduce,4,4
126,0.14,0.149,0.1446666666666667,0.145,0.003681787005729079,0,4,1034240,all_reduce,4,4
127,0.14100000000000001,0.14300000000000002,0.14200000000000002,0.14200000000000002,0.0008164965809277268,0,4,1042432,all_reduce,4,4
128,0.14300000000000002,0.14400000000000002,0.14333333333333334,0.14300000000000002,0.00047140452079103207,0,4,1048576,all_reduce,4,4
129,0.154,0.156,0.155,0.155,0.0008164965809277268,0,4,1081344,all_reduce,4,4
130,0.167,0.169,0.168,0.168,0.0008164965809277268,0,4,1114112,all_reduce,4,4
131,0.169,0.17500000000000002,0.17166666666666666,0.171,0.0024944382578492965,0,4,1146880,all_reduce,4,4
132,0.17,0.17400000000000002,0.17200000000000001,0.17200000000000001,0.0016329931618554536,0,4,1179648,all_reduce,4,4
133,0.17400000000000002,0.177,0.17566666666666664,0.176,0.0012472191289246359,0,4,1212416,all_reduce,4,4
134,0.17500000000000002,0.178,0.17633333333333331,0.176,0.0012472191289246385,0,4,1245184,all_reduce,4,4
135,0.178,0.178,0.17800000000000002,0.178,2.7755575615628914e-17,0,4,1277952,all_reduce,4,4
136,0.18,0.182,0.18066666666666667,0.18,0.0009428090415820641,0,4,1310720,all_reduce,4,4
137,0.181,0.184,0.18200000000000002,0.181,0.0014142135623730963,0,4,1343488,all_reduce,4,4
138,0.18,0.182,0.18066666666666667,0.18,0.0009428090415820641,0,4,1376256,all_reduce,4,4
139,0.184,0.186,0.18499999999999997,0.185,0.0008164965809277268,0,4,1409024,all_reduce,4,4
140,0.183,0.185,0.18400000000000002,0.184,0.0008164965809277268,0,4,1441792,all_reduce,4,4
141,0.186,0.188,0.18733333333333335,0.188,0.0009428090415820641,0,4,1474560,all_reduce,4,4
142,0.188,0.193,0.18966666666666665,0.188,0.0023570226039551605,0,4,1507328,all_reduce,4,4
143,0.19,0.192,0.19099999999999998,0.191,0.0008164965809277268,0,4,1540096,all_reduce,4,4
144,0.191,0.194,0.19266666666666668,0.193,0.0012472191289246482,0,4,1572864,all_reduce,4,4
145,0.196,0.197,0.19633333333333333,0.196,0.00047140452079103207,0,4,1605632,all_reduce,4,4
146,0.196,0.198,0.19699999999999998,0.197,0.0008164965809277268,0,4,1638400,all_reduce,4,4
147,0.2,0.201,0.2006666666666667,0.201,0.00047140452079103207,0,4,1671168,all_reduce,4,4
148,0.201,0.20400000000000001,0.20200000000000004,0.201,0.0014142135623730963,0,4,1703936,all_reduce,4,4
149,0.203,0.20600000000000002,0.2046666666666667,0.20500000000000002,0.0012472191289246482,0,4,1736704,all_reduce,4,4
150,0.20600000000000002,0.20600000000000002,0.20600000000000004,0.20600000000000002,2.7755575615628914e-17,0,4,1769472,all_reduce,4,4
151,0.20600000000000002,0.209,0.208,0.209,0.0014142135623730833,0,4,1802240,all_reduce,4,4
152,0.20700000000000002,0.212,0.20966666666666667,0.21,0.002054804667656315,0,4,1835008,all_reduce,4,4
153,0.213,0.214,0.21333333333333335,0.213,0.00047140452079103207,0,4,1867776,all_reduce,4,4
154,0.213,0.216,0.214,0.213,0.0014142135623730965,0,4,1900544,all_reduce,4,4
155,0.224,0.228,0.226,0.226,0.0016329931618554536,0,4,1933312,all_reduce,4,4
156,0.216,0.22,0.21766666666666667,0.217,0.0016996731711975965,0,4,1966080,all_reduce,4,4
157,0.232,0.23500000000000001,0.233,0.232,0.0014142135623730965,0,4,1998848,all_reduce,4,4
158,0.223,0.226,0.224,0.223,0.0014142135623730965,0,4,2031616,all_reduce,4,4
159,0.23800000000000002,0.241,0.23933333333333331,0.23900000000000002,0.0012472191289246359,0,4,2064384,all_reduce,4,4
160,0.228,0.229,0.22866666666666668,0.229,0.00047140452079103207,0,4,2097152,all_reduce,4,4
161,0.244,0.244,0.244,0.244,0.0,0,4,2129920,all_reduce,4,4
162,0.255,0.262,0.259,0.26,0.0029439202887759515,0,4,2162688,all_reduce,4,4
163,0.261,0.265,0.263,0.263,0.0016329931618554536,0,4,2195456,all_reduce,4,4
164,0.263,0.265,0.26366666666666666,0.263,0.0009428090415820641,0,4,2228224,all_reduce,4,4
165,0.262,0.268,0.26466666666666666,0.264,0.0024944382578492965,0,4,2260992,all_reduce,4,4
166,0.267,0.274,0.27033333333333337,0.27,0.002867441755680878,0,4,2293760,all_reduce,4,4
167,0.267,0.275,0.27,0.268,0.0035590260840104404,0,4,2326528,all_reduce,4,4
168,0.267,0.271,0.26866666666666666,0.268,0.0016996731711975965,0,4,2359296,all_reduce,4,4
169,0.275,0.279,0.27666666666666667,0.276,0.0016996731711975965,0,4,2392064,all_reduce,4,4
170,0.271,0.274,0.27233333333333337,0.272,0.0012472191289246482,0,4,2424832,all_reduce,4,4
171,0.275,0.276,0.27566666666666667,0.276,0.00047140452079103207,0,4,2457600,all_reduce,4,4
172,0.277,0.278,0.2773333333333334,0.277,0.00047140452079103207,0,4,2490368,all_reduce,4,4
173,0.278,0.28200000000000003,0.28,0.28,0.0016329931618554536,0,4,2523136,all_reduce,4,4
174,0.28300000000000003,0.28500000000000003,0.2836666666666667,0.28300000000000003,0.0009428090415820641,0,4,2555904,all_reduce,4,4
175,0.28600000000000003,0.28800000000000003,0.2866666666666667,0.28600000000000003,0.0009428090415820641,0,4,2588672,all_reduce,4,4
176,0.28500000000000003,0.29,0.28800000000000003,0.289,0.0021602468994692627,0,4,2621440,all_reduce,4,4
177,0.28700000000000003,0.298,0.293,0.294,0.0045460605656619316,0,4,2654208,all_reduce,4,4
178,0.28500000000000003,0.293,0.289,0.289,0.0032659863237108843,0,4,2686976,all_reduce,4,4
179,0.292,0.295,0.293,0.292,0.0014142135623730965,0,4,2719744,all_reduce,4,4
180,0.293,0.298,0.2953333333333333,0.295,0.0020548046676563273,0,4,2752512,all_reduce,4,4
181,0.29,0.298,0.29466666666666663,0.296,0.003399346342395193,0,4,2785280,all_reduce,4,4
182,0.295,0.302,0.2976666666666667,0.296,0.0030912061651652374,0,4,2818048,all_reduce,4,4
183,0.297,0.301,0.299,0.299,0.0016329931618554536,0,4,2850816,all_reduce,4,4
184,0.302,0.304,0.303,0.303,0.0008164965809277268,0,4,2883584,all_reduce,4,4
185,0.305,0.309,0.30666666666666664,0.306,0.0016996731711975965,0,4,2916352,all_reduce,4,4
186,0.309,0.314,0.31066666666666665,0.309,0.0023570226039551605,0,4,2949120,all_reduce,4,4
187,0.319,0.323,0.32033333333333336,0.319,0.0018856180831641283,0,4,2981888,all_reduce,4,4
188,0.314,0.317,0.3153333333333333,0.315,0.0012472191289246482,0,4,3014656,all_reduce,4,4
189,0.329,0.334,0.331,0.33,0.0021602468994692888,0,4,3047424,all_reduce,4,4
190,0.32,0.323,0.3216666666666667,0.322,0.0012472191289246482,0,4,3080192,all_reduce,4,4
191,0.335,0.338,0.337,0.338,0.0014142135623730963,0,4,3112960,all_reduce,4,4
192,0.324,0.328,0.326,0.326,0.0016329931618554536,0,4,3145728,all_reduce,4,4
193,0.34,0.342,0.341,0.341,0.0008164965809277268,0,4,3178496,all_reduce,4,4
194,0.35100000000000003,0.357,0.3546666666666667,0.356,0.002624669291337247,0,4,3211264,all_reduce,4,4
195,0.361,0.364,0.36233333333333334,0.362,0.0012472191289246482,0,4,3244032,all_reduce,4,4
196,0.355,0.363,0.35966666666666663,0.361,0.003399346342395193,0,4,3276800,all_reduce,4,4
197,0.366,0.367,0.36633333333333334,0.366,0.00047140452079103207,0,4,3309568,all_reduce,4,4
198,0.366,0.367,0.3666666666666667,0.367,0.00047140452079103207,0,4,3342336,all_reduce,4,4
199,0.37,0.371,0.37033333333333335,0.37,0.00047140452079103207,0,4,3375104,all_reduce,4,4
200,0.366,0.373,0.36999999999999994,0.371,0.0029439202887759515,0,4,3407872,all_reduce,4,4
201,0.374,0.378,0.37566666666666665,0.375,0.0016996731711975965,0,4,3440640,all_reduce,4,4
202,0.37,0.374,0.37200000000000005,0.372,0.0016329931618554536,0,4,3473408,all_reduce,4,4
203,0.376,0.381,0.3786666666666667,0.379,0.0020548046676563273,0,4,3506176,all_reduce,4,4
204,0.376,0.383,0.3793333333333333,0.379,0.002867441755680878,0,4,3538944,all_reduce,4,4
205,0.378,0.379,0.37833333333333335,0.378,0.00047140452079103207,0,4,3571712,all_reduce,4,4
206,0.379,0.381,0.37966666666666665,0.379,0.0009428090415820641,0,4,3604480,all_reduce,4,4
207,0.382,0.386,0.38466666666666666,0.386,0.0018856180831641283,0,4,3637248,all_reduce,4,4
208,0.382,0.384,0.3833333333333333,0.384,0.0009428090415820641,0,4,3670016,all_reduce,4,4
209,0.385,0.391,0.38800000000000007,0.388,0.00244948974278318,0,4,3702784,all_reduce,4,4
210,0.386,0.393,0.38999999999999996,0.391,0.0029439202887759515,0,4,3735552,all_reduce,4,4
211,0.385,0.393,0.38966666666666666,0.391,0.0033993463423951926,0,4,3768320,all_reduce,4,4
212,0.389,0.394,0.3913333333333333,0.391,0.0020548046676563273,0,4,3801088,all_reduce,4,4
213,0.395,0.399,0.39733333333333337,0.398,0.0016996731711975965,0,4,3833856,all_reduce,4,4
214,0.395,0.401,0.39733333333333337,0.396,0.002624669291337273,0,4,3866624,all_reduce,4,4
215,0.397,0.402,0.4003333333333334,0.402,0.0023570226039551605,0,4,3899392,all_reduce,4,4
216,0.399,0.406,0.403,0.404,0.0029439202887759515,0,4,3932160,all_reduce,4,4
217,0.404,0.40900000000000003,0.4063333333333334,0.406,0.0020548046676563273,0,4,3964928,all_reduce,4,4
218,0.40800000000000003,0.40800000000000003,0.4080000000000001,0.40800000000000003,5.551115123125783e-17,0,4,3997696,all_reduce,4,4
219,0.417,0.425,0.42133333333333334,0.422,0.003299831645537225,0,4,4030464,all_reduce,4,4
220,0.41300000000000003,0.41400000000000003,0.4133333333333334,0.41300000000000003,0.00047140452079103207,0,4,4063232,all_reduce,4,4
221,0.426,0.431,0.4286666666666667,0.429,0.0020548046676563273,0,4,4096000,all_reduce,4,4
222,0.41600000000000004,0.422,0.4186666666666667,0.418,0.002494438257849277,0,4,4128768,all_reduce,4,4
223,0.431,0.44,0.4363333333333333,0.438,0.0038586123009300786,0,4,4161536,all_reduce,4,4
224,0.422,0.432,0.42533333333333334,0.422,0.004714045207910321,0,4,4194304,all_reduce,4,4
225,0.433,0.441,0.438,0.44,0.0035590260840104404,0,4,4227072,all_reduce,4,4
226,0.452,0.455,0.45333333333333337,0.453,0.0012472191289246482,0,4,4259840,all_reduce,4,4
227,0.458,0.462,0.45966666666666667,0.459,0.0016996731711975965,0,4,4292608,all_reduce,4,4
228,0.458,0.465,0.4603333333333333,0.458,0.003299831645537225,0,4,4325376,all_reduce,4,4
229,0.461,0.465,0.463,0.463,0.0016329931618554536,0,4,4358144,all_reduce,4,4
230,0.454,0.468,0.4626666666666667,0.466,0.006182412330330475,0,4,4390912,all_reduce,4,4
231,0.463,0.47100000000000003,0.4663333333333333,0.465,0.003399346342395193,0,4,4423680,all_reduce,4,4
232,0.465,0.47300000000000003,0.47000000000000003,0.47200000000000003,0.0035590260840104404,0,4,4456448,all_reduce,4,4
233,0.467,0.47300000000000003,0.47000000000000003,0.47000000000000003,0.00244948974278318,0,4,4489216,all_reduce,4,4
234,0.468,0.47300000000000003,0.47000000000000003,0.46900000000000003,0.0021602468994692888,0,4,4521984,all_reduce,4,4
235,0.47100000000000003,0.47400000000000003,0.4723333333333333,0.47200000000000003,0.0012472191289246482,0,4,4554752,all_reduce,4,4
236,0.47200000000000003,0.47600000000000003,0.47466666666666674,0.47600000000000003,0.0018856180831641283,0,4,4587520,all_reduce,4,4
237,0.47900000000000004,0.47900000000000004,0.47900000000000004,0.47900000000000004,0.0,0,4,4620288,all_reduce,4,4
238,0.47400000000000003,0.484,0.478,0.47600000000000003,0.0043204937989385515,0,4,4653056,all_reduce,4,4
239,0.47800000000000004,0.487,0.48266666666666663,0.483,0.0036817870057290663,0,4,4685824,all_reduce,4,4
240,0.48,0.483,0.48100000000000004,0.48,0.0014142135623730961,0,4,4718592,all_reduce,4,4
241,0.484,0.488,0.48566666666666664,0.485,0.0016996731711975965,0,4,4751360,all_reduce,4,4
242,0.486,0.492,0.48933333333333334,0.49,0.0024944382578492965,0,4,4784128,all_reduce,4,4
243,0.485,0.489,0.48733333333333334,0.488,0.0016996731711975965,0,4,4816896,all_reduce,4,4
244,0.493,0.495,0.494,0.494,0.0008164965809277268,0,4,4849664,all_reduce,4,4
245,0.493,0.499,0.49700000000000005,0.499,0.0028284271247461922,0,4,4882432,all_reduce,4,4
246,0.497,0.502,0.4996666666666667,0.5,0.0020548046676563273,0,4,4915200,all_reduce,4,4
247,0.501,0.508,0.5033333333333333,0.501,0.003299831645537225,0,4,4947968,all_reduce,4,4
248,0.505,0.511,0.5073333333333333,0.506,0.002624669291337273,0,4,4980736,all_reduce,4,4
249,0.505,0.512,0.5086666666666666,0.509,0.002867441755680878,0,4,5013504,all_reduce,4,4
250,0.501,0.511,0.5066666666666667,0.508,0.004189935029992182,0,4,5046272,all_reduce,4,4
251,0.516,0.522,0.5186666666666667,0.518,0.0024944382578492965,0,4,5079040,all_reduce,4,4
252,0.508,0.516,0.5113333333333333,0.51,0.003399346342395193,0,4,5111808,all_reduce,4,4
253,0.525,0.528,0.527,0.528,0.0014142135623730963,0,4,5144576,all_reduce,4,4
254,0.516,0.521,0.5179999999999999,0.517,0.0021602468994692888,0,4,5177344,all_reduce,4,4
255,0.532,0.543,0.5380000000000001,0.539,0.004546060565661956,0,4,5210112,all_reduce,4,4
256,0.523,0.534,0.527,0.524,0.004966554808583784,0,4,5242880,all_reduce,4,4
257,0.542,0.549,0.5463333333333334,0.548,0.0030912061651652374,0,4,5275648,all_reduce,4,4
258,0.555,0.5670000000000001,0.559,0.555,0.005656854249492386,0,4,5308416,all_reduce,4,4
259,0.56,0.5630000000000001,0.5613333333333334,0.561,0.0012472191289246482,0,4,5341184,all_reduce,4,4
260,0.561,0.5630000000000001,0.5623333333333335,0.5630000000000001,0.0009428090415820641,0,4,5373952,all_reduce,4,4
261,0.5650000000000001,0.5730000000000001,0.5683333333333334,0.5670000000000001,0.003399346342395193,0,4,5406720,all_reduce,4,4
262,0.5640000000000001,0.5690000000000001,0.5670000000000001,0.5680000000000001,0.0021602468994692888,0,4,5439488,all_reduce,4,4
263,0.5700000000000001,0.5730000000000001,0.5713333333333334,0.5710000000000001,0.0012472191289246482,0,4,5472256,all_reduce,4,4
264,0.5650000000000001,0.5740000000000001,0.5700000000000002,0.5710000000000001,0.0037416573867739447,0,4,5505024,all_reduce,4,4
265,0.5680000000000001,0.5730000000000001,0.5703333333333334,0.5700000000000001,0.0020548046676563273,0,4,5537792,all_reduce,4,4
266,0.5710000000000001,0.58,0.5753333333333334,0.5750000000000001,0.0036817870057290433,0,4,5570560,all_reduce,4,4
267,0.5730000000000001,0.58,0.577,0.578,0.0029439202887759012,0,4,5603328,all_reduce,4,4
268,0.579,0.582,0.5806666666666666,0.581,0.0012472191289246482,0,4,5636096,all_reduce,4,4
269,0.578,0.588,0.5843333333333333,0.587,0.004496912521077351,0,4,5668864,all_reduce,4,4
270,0.585,0.587,0.5863333333333333,0.587,0.0009428090415820641,0,4,5701632,all_reduce,4,4
271,0.591,0.596,0.5926666666666666,0.591,0.0023570226039551605,0,4,5734400,all_reduce,4,4
272,0.592,0.593,0.5923333333333334,0.592,0.00047140452079103207,0,4,5767168,all_reduce,4,4
273,0.595,0.6,0.5973333333333334,0.597,0.0020548046676563273,0,4,5799936,all_reduce,4,4
274,0.591,0.594,0.592,0.591,0.0014142135623730963,0,4,5832704,all_reduce,4,4
275,0.598,0.602,0.6,0.6,0.0016329931618554536,0,4,5865472,all_reduce,4,4
276,0.597,0.601,0.5986666666666666,0.598,0.0016996731711975965,0,4,5898240,all_reduce,4,4
277,0.602,0.612,0.6073333333333334,0.608,0.0041096093353126546,0,4,5931008,all_reduce,4,4
278,0.602,0.608,0.605,0.605,0.00244948974278318,0,4,5963776,all_reduce,4,4
279,0.618,0.621,0.62,0.621,0.0014142135623730965,0,4,5996544,all_reduce,4,4
280,0.601,0.624,0.6106666666666666,0.607,0.009741092797468313,0,4,6029312,all_reduce,4,4
281,0.605,0.616,0.6110000000000001,0.612,0.004546060565661956,0,4,6062080,all_reduce,4,4
282,0.612,0.615,0.6133333333333334,0.613,0.0012472191289246482,0,4,6094848,all_reduce,4,4
283,0.625,0.631,0.6276666666666667,0.627,0.0024944382578492965,0,4,6127616,all_reduce,4,4
284,0.61,0.618,0.614,0.614,0.0032659863237109073,0,4,6160384,all_reduce,4,4
285,0.633,0.636,0.6343333333333333,0.634,0.0012472191289246482,0,4,6193152,all_reduce,4,4
286,0.619,0.625,0.6226666666666667,0.624,0.002624669291337273,0,4,6225920,all_reduce,4,4
287,0.636,0.648,0.642,0.642,0.00489897948556636,0,4,6258688,all_reduce,4,4
288,0.632,0.635,0.6333333333333333,0.633,0.0012472191289246482,0,4,6291456,all_reduce,4,4
289,0.642,0.649,0.6463333333333333,0.648,0.0030912061651652374,0,4,6324224,all_reduce,4,4
290,0.657,0.661,0.6593333333333334,0.66,0.0016996731711975963,0,4,6356992,all_reduce,4,4
291,0.661,0.672,0.6663333333333333,0.666,0.004496912521077351,0,4,6389760,all_reduce,4,4
292,0.659,0.67,0.665,0.666,0.004546060565661956,0,4,6422528,all_reduce,4,4
293,0.668,0.677,0.672,0.671,0.0037416573867739447,0,4,6455296,all_reduce,4,4
294,0.667,0.671,0.669,0.669,0.0016329931618554536,0,4,6488064,all_reduce,4,4
295,0.673,0.683,0.6783333333333333,0.679,0.0041096093353126546,0,4,6520832,all_reduce,4,4
296,0.673,0.677,0.6753333333333335,0.676,0.0016996731711975963,0,4,6553600,all_reduce,4,4
297,0.679,0.682,0.6806666666666666,0.681,0.0012472191289246482,0,4,6586368,all_reduce,4,4
298,0.678,0.684,0.6816666666666666,0.683,0.002624669291337273,0,4,6619136,all_reduce,4,4
299,0.679,0.6900000000000001,0.6843333333333335,0.684,0.004496912521077351,0,4,6651904,all_reduce,4,4
300,0.685,0.686,0.6853333333333333,0.685,0.00047140452079103207,0,4,6684672,all_reduce,4,4
301,0.6890000000000001,0.6940000000000001,0.691,0.6900000000000001,0.0021602468994692888,0,4,6717440,all_reduce,4,4
302,0.6900000000000001,0.6920000000000001,0.6910000000000002,0.6910000000000001,0.0008164965809277268,0,4,6750208,all_reduce,4,4
303,0.6910000000000001,0.6980000000000001,0.6946666666666669,0.6950000000000001,0.002867441755680878,0,4,6782976,all_reduce,4,4
304,0.6960000000000001,0.7000000000000001,0.6976666666666668,0.6970000000000001,0.0016996731711975965,0,4,6815744,all_reduce,4,4
305,0.6970000000000001,0.7030000000000001,0.7006666666666668,0.7020000000000001,0.002624669291337273,0,4,6848512,all_reduce,4,4
306,0.6960000000000001,0.7000000000000001,0.6983333333333334,0.6990000000000001,0.0016996731711975965,0,4,6881280,all_reduce,4,4
307,0.705,0.706,0.7056666666666667,0.706,0.00047140452079103207,0,4,6914048,all_reduce,4,4
308,0.7000000000000001,0.708,0.7043333333333334,0.705,0.0032998316455371763,0,4,6946816,all_reduce,4,4
309,0.707,0.717,0.7133333333333333,0.716,0.004496912521077351,0,4,6979584,all_reduce,4,4
310,0.71,0.711,0.7103333333333333,0.71,0.00047140452079103207,0,4,7012352,all_reduce,4,4
311,0.71,0.716,0.7130000000000001,0.713,0.00244948974278318,0,4,7045120,all_reduce,4,4
312,0.717,0.72,0.7183333333333333,0.718,0.0012472191289246482,0,4,7077888,all_reduce,4,4
313,0.718,0.719,0.7186666666666666,0.719,0.00047140452079103207,0,4,7110656,all_reduce,4,4
314,0.715,0.717,0.7163333333333334,0.717,0.0009428090415820641,0,4,7143424,all_reduce,4,4
315,0.73,0.735,0.7323333333333334,0.732,0.0020548046676563273,0,4,7176192,all_reduce,4,4
316,0.718,0.72,0.719,0.719,0.0008164965809277268,0,4,7208960,all_reduce,4,4
317,0.736,0.741,0.7393333333333333,0.741,0.0023570226039551605,0,4,7241728,all_reduce,4,4
318,0.724,0.738,0.7306666666666667,0.73,0.005734883511361756,0,4,7274496,all_reduce,4,4
319,0.746,0.748,0.7469999999999999,0.747,0.0008164965809277268,0,4,7307264,all_reduce,4,4
320,0.732,0.741,0.737,0.738,0.003741657386773945,0,4,7340032,all_reduce,4,4
321,0.753,0.768,0.7586666666666667,0.755,0.006649979114420007,0,4,7372800,all_reduce,4,4
322,0.762,0.768,0.765,0.765,0.00244948974278318,0,4,7405568,all_reduce,4,4
323,0.769,0.775,0.7723333333333334,0.773,0.0024944382578492965,0,4,7438336,all_reduce,4,4
324,0.764,0.776,0.7693333333333333,0.768,0.004988876515698593,0,4,7471104,all_reduce,4,4
325,0.777,0.784,0.7799999999999999,0.779,0.0029439202887759515,0,4,7503872,all_reduce,4,4
326,0.775,0.782,0.7773333333333333,0.775,0.003299831645537225,0,4,7536640,all_reduce,4,4
327,0.779,0.782,0.7803333333333334,0.78,0.0012472191289246482,0,4,7569408,all_reduce,4,4
328,0.776,0.781,0.7783333333333333,0.778,0.0020548046676563273,0,4,7602176,all_reduce,4,4
329,0.785,0.787,0.7856666666666667,0.785,0.0009428090415820641,0,4,7634944,all_reduce,4,4
330,0.781,0.79,0.7853333333333333,0.785,0.0036817870057290905,0,4,7667712,all_reduce,4,4
331,0.792,0.802,0.7956666666666666,0.793,0.004496912521077351,0,4,7700480,all_reduce,4,4
332,0.786,0.791,0.7883333333333334,0.788,0.0020548046676563273,0,4,7733248,all_reduce,4,4
333,0.796,0.802,0.7996666666666666,0.801,0.002624669291337273,0,4,7766016,all_reduce,4,4
334,0.796,0.799,0.7973333333333334,0.797,0.0012472191289246482,0,4,7798784,all_reduce,4,4
335,0.795,0.805,0.8016666666666667,0.805,0.004714045207910321,0,4,7831552,all_reduce,4,4
336,0.798,0.804,0.8013333333333333,0.802,0.0024944382578492965,0,4,7864320,all_reduce,4,4
337,0.8,0.81,0.8053333333333335,0.806,0.0041096093353126546,0,4,7897088,all_reduce,4,4
338,0.805,0.808,0.807,0.808,0.0014142135623730965,0,4,7929856,all_reduce,4,4
339,0.805,0.809,0.8073333333333333,0.808,0.0016996731711975965,0,4,7962624,all_reduce,4,4
340,0.808,0.809,0.8083333333333335,0.808,0.00047140452079103207,0,4,7995392,all_reduce,4,4
341,0.8130000000000001,0.8180000000000001,0.8150000000000001,0.8140000000000001,0.0021602468994692888,0,4,8028160,all_reduce,4,4
342,0.8150000000000001,0.8160000000000001,0.8156666666666667,0.8160000000000001,0.00047140452079103207,0,4,8060928,all_reduce,4,4
343,0.8200000000000001,0.8210000000000001,0.8203333333333335,0.8200000000000001,0.00047140452079103207,0,4,8093696,all_reduce,4,4
344,0.8150000000000001,0.8230000000000001,0.8193333333333334,0.8200000000000001,0.003299831645537225,0,4,8126464,all_reduce,4,4
345,0.8230000000000001,0.8300000000000001,0.8256666666666668,0.8240000000000001,0.0030912061651652374,0,4,8159232,all_reduce,4,4
346,0.8260000000000001,0.8260000000000001,0.8260000000000001,0.8260000000000001,0.0,0,4,8192000,all_reduce,4,4
347,0.834,0.84,0.8376666666666667,0.839,0.002624669291337273,0,4,8224768,all_reduce,4,4
348,0.8280000000000001,0.836,0.8323333333333333,0.833,0.0032998316455371763,0,4,8257536,all_reduce,4,4
349,0.844,0.85,0.8463333333333333,0.845,0.002624669291337273,0,4,8290304,all_reduce,4,4
350,0.8320000000000001,0.843,0.8386666666666667,0.841,0.004784233364802394,0,4,8323072,all_reduce,4,4
351,0.855,0.861,0.858,0.858,0.00244948974278318,0,4,8355840,all_reduce,4,4
352,0.839,0.853,0.8463333333333333,0.847,0.005734883511361756,0,4,8388608,all_reduce,4,4
353,0.859,0.864,0.8623333333333333,0.864,0.0023570226039551605,0,4,8421376,all_reduce,4,4
354,0.87,0.877,0.8726666666666666,0.871,0.0030912061651652374,0,4,8454144,all_reduce,4,4
355,0.872,0.882,0.8756666666666666,0.873,0.004496912521077351,0,4,8486912,all_reduce,4,4
356,0.875,0.882,0.8783333333333334,0.878,0.002867441755680878,0,4,8519680,all_reduce,4,4
357,0.879,0.886,0.8816666666666667,0.88,0.0030912061651652374,0,4,8552448,all_reduce,4,4
358,0.881,0.885,0.883,0.883,0.0016329931618554536,0,4,8585216,all_reduce,4,4
359,0.885,0.888,0.8866666666666667,0.887,0.0012472191289246482,0,4,8617984,all_reduce,4,4
360,0.882,0.886,0.8843333333333333,0.885,0.0016996731711975965,0,4,8650752,all_reduce,4,4
361,0.887,0.893,0.8903333333333334,0.891,0.0024944382578492965,0,4,8683520,all_reduce,4,4
362,0.888,0.898,0.8916666666666666,0.889,0.004496912521077351,0,4,8716288,all_reduce,4,4
363,0.896,0.902,0.8993333333333333,0.9,0.0024944382578492965,0,4,8749056,all_reduce,4,4
364,0.895,0.896,0.8956666666666666,0.896,0.00047140452079103207,0,4,8781824,all_reduce,4,4
365,0.898,0.909,0.9023333333333334,0.9,0.004784233364802446,0,4,8814592,all_reduce,4,4
366,0.899,0.907,0.903,0.903,0.0032659863237109073,0,4,8847360,all_reduce,4,4
367,0.907,0.913,0.9100000000000001,0.91,0.00244948974278318,0,4,8880128,all_reduce,4,4
368,0.908,0.919,0.9123333333333333,0.91,0.004784233364802446,0,4,8912896,all_reduce,4,4
369,0.912,0.916,0.9136666666666667,0.913,0.0016996731711975965,0,4,8945664,all_reduce,4,4
370,0.907,0.913,0.9106666666666667,0.912,0.002624669291337273,0,4,8978432,all_reduce,4,4
371,0.917,0.921,0.9183333333333333,0.917,0.0018856180831641283,0,4,9011200,all_reduce,4,4
372,0.928,0.932,0.9303333333333333,0.931,0.0016996731711975965,0,4,9043968,all_reduce,4,4
373,0.936,0.9480000000000001,0.9410000000000002,0.9390000000000001,0.00509901951359279,0,4,9076736,all_reduce,4,4
374,0.934,0.937,0.9353333333333333,0.935,0.0012472191289246482,0,4,9109504,all_reduce,4,4
375,0.9420000000000001,0.9420000000000001,0.9420000000000001,0.9420000000000001,0.0,0,4,9142272,all_reduce,4,4
376,0.935,0.9390000000000001,0.9366666666666666,0.936,0.0016996731711975965,0,4,9175040,all_reduce,4,4
377,0.9410000000000001,0.9480000000000001,0.945,0.9460000000000001,0.0029439202887759515,0,4,9207808,all_reduce,4,4
378,0.9470000000000001,0.9500000000000001,0.9486666666666667,0.9490000000000001,0.0012472191289246482,0,4,9240576,all_reduce,4,4
379,0.963,0.968,0.9653333333333333,0.965,0.0020548046676563273,0,4,9273344,all_reduce,4,4
380,0.9460000000000001,0.961,0.953,0.9520000000000001,0.006164414002968934,0,4,9306112,all_reduce,4,4
381,0.986,0.997,0.9906666666666667,0.989,0.004642796092394711,0,4,9338880,all_reduce,4,4
382,0.9450000000000001,0.975,0.9556666666666667,0.9470000000000001,0.013695092389449385,0,4,9371648,all_reduce,4,4
383,0.9590000000000001,0.97,0.9660000000000001,0.969,0.004966554808583732,0,4,9404416,all_reduce,4,4
384,0.9520000000000001,0.96,0.9560000000000001,0.9560000000000001,0.0032659863237108613,0,4,9437184,all_reduce,4,4
385,0.962,0.987,0.9743333333333334,0.974,0.010208928554075711,0,4,9469952,all_reduce,4,4
386,0.981,0.985,0.983,0.983,0.0016329931618554536,0,4,9502720,all_reduce,4,4
387,0.987,0.998,0.9923333333333333,0.992,0.004496912521077351,0,4,9535488,all_reduce,4,4
388,0.988,0.995,0.9913333333333334,0.991,0.002867441755680878,0,4,9568256,all_reduce,4,4
389,0.995,1.0,0.997,0.996,0.0021602468994692888,0,4,9601024,all_reduce,4,4
390,0.996,1.0010000000000001,0.9986666666666668,0.999,0.0020548046676563693,0,4,9633792,all_reduce,4,4
391,1.002,1.0090000000000001,1.0053333333333334,1.0050000000000001,0.002867441755680921,0,4,9666560,all_reduce,4,4
392,0.999,1.004,1.0016666666666667,1.002,0.0020548046676563273,0,4,9699328,all_reduce,4,4
393,1.0090000000000001,1.0090000000000001,1.0090000000000001,1.0090000000000001,0.0,0,4,9732096,all_reduce,4,4
394,1.0050000000000001,1.0170000000000001,1.01,1.008,0.005099019513592804,0,4,9764864,all_reduce,4,4
395,1.0150000000000001,1.016,1.0156666666666667,1.016,0.00047140452079097976,0,4,9797632,all_reduce,4,4
396,1.008,1.012,1.0103333333333333,1.0110000000000001,0.001699673171197611,0,4,9830400,all_reduce,4,4
397,1.0230000000000001,1.024,1.0236666666666667,1.024,0.00047140452079097976,0,4,9863168,all_reduce,4,4
398,1.0170000000000001,1.022,1.0193333333333336,1.0190000000000001,0.002054804667656279,0,4,9895936,all_reduce,4,4
399,1.026,1.036,1.03,1.028,0.0043204937989385775,0,4,9928704,all_reduce,4,4
400,1.0210000000000001,1.033,1.0253333333333334,1.022,0.005436502143433286,0,4,9961472,all_reduce,4,4
401,1.032,1.04,1.035,1.033,0.0035590260840104608,0,4,9994240,all_reduce,4,4
402,1.036,1.038,1.0370000000000001,1.037,0.0008164965809277268,0,4,10027008,all_reduce,4,4
403,1.041,1.044,1.0423333333333333,1.042,0.0012472191289246877,0,4,10059776,all_reduce,4,4
404,1.036,1.043,1.0383333333333333,1.036,0.0032998316455371724,0,4,10092544,all_reduce,4,4
405,1.046,1.049,1.0473333333333332,1.047,0.0012472191289246088,0,4,10125312,all_reduce,4,4
406,1.04,1.048,1.0446666666666669,1.046,0.003399346342395193,0,4,10158080,all_reduce,4,4
407,1.046,1.057,1.0503333333333333,1.048,0.004784233364802394,0,4,10190848,all_reduce,4,4
408,1.049,1.051,1.0496666666666667,1.049,0.0009428090415820641,0,4,10223616,all_reduce,4,4
409,1.053,1.063,1.0596666666666665,1.063,0.004714045207910321,0,4,10256384,all_reduce,4,4
410,1.056,1.067,1.062,1.063,0.004546060565661907,0,4,10289152,all_reduce,4,4
411,1.067,1.072,1.0693333333333335,1.069,0.0020548046676563754,0,4,10321920,all_reduce,4,4
412,1.063,1.07,1.0673333333333332,1.069,0.0030912061651652695,0,4,10354688,all_reduce,4,4
413,1.08,1.084,1.0816666666666668,1.081,0.001699673171197611,0,4,10387456,all_reduce,4,4
414,1.065,1.075,1.0703333333333334,1.071,0.0041096093353126546,0,4,10420224,all_reduce,4,4
415,1.084,1.091,1.0879999999999999,1.089,0.0029439202887759012,0,4,10452992,all_reduce,4,4
416,1.08,1.082,1.081,1.081,0.0008164965809277268,0,4,10485760,all_reduce,4,4
417,1.101,1.105,1.1023333333333334,1.101,0.0018856180831641283,0,4,10518528,all_reduce,4,4
418,1.1,1.11,1.1063333333333334,1.109,0.004496912521077329,0,4,10551296,all_reduce,4,4
419,1.113,1.118,1.116,1.117,0.002160246899469323,0,4,10584064,all_reduce,4,4
420,1.109,1.113,1.111,1.111,0.0016329931618554536,0,4,10616832,all_reduce,4,4
421,1.123,1.127,1.1253333333333335,1.1260000000000001,0.001699673171197611,0,4,10649600,all_reduce,4,4
422,1.119,1.129,1.124666666666667,1.1260000000000001,0.004189935029992193,0,4,10682368,all_reduce,4,4
423,1.123,1.1360000000000001,1.1293333333333335,1.129,0.0053124591501697935,0,4,10715136,all_reduce,4,4
424,1.1280000000000001,1.133,1.1300000000000001,1.129,0.0021602468994692545,0,4,10747904,all_reduce,4,4
425,1.1320000000000001,1.137,1.135,1.1360000000000001,0.0021602468994692545,0,4,10780672,all_reduce,4,4
426,1.1320000000000001,1.1420000000000001,1.136666666666667,1.1360000000000001,0.0041096093353126546,0,4,10813440,all_reduce,4,4
427,1.135,1.1400000000000001,1.1383333333333334,1.1400000000000001,0.002357022603955213,0,4,10846208,all_reduce,4,4
428,1.1400000000000001,1.143,1.1413333333333335,1.141,0.0012472191289246088,0,4,10878976,all_reduce,4,4
429,1.147,1.158,1.1529999999999998,1.154,0.004546060565661907,0,4,10911744,all_reduce,4,4
430,1.1420000000000001,1.147,1.1450000000000002,1.1460000000000001,0.0021602468994692545,0,4,10944512,all_reduce,4,4
431,1.145,1.151,1.1486666666666667,1.1500000000000001,0.0026246692913372916,0,4,10977280,all_reduce,4,4
432,1.147,1.154,1.1503333333333334,1.1500000000000001,0.0028674417556808266,0,4,11010048,all_reduce,4,4
433,1.154,1.17,1.1606666666666665,1.158,0.006798692684790386,0,4,11042816,all_reduce,4,4
434,1.153,1.167,1.159,1.157,0.005887840577551903,0,4,11075584,all_reduce,4,4
435,1.162,1.167,1.1643333333333332,1.164,0.0020548046676563754,0,4,11108352,all_reduce,4,4
436,1.155,1.173,1.1646666666666665,1.166,0.007408703590297622,0,4,11141120,all_reduce,4,4
437,1.169,1.184,1.1773333333333333,1.179,0.006236095644623202,0,4,11173888,all_reduce,4,4
438,1.171,1.175,1.173,1.173,0.0016329931618554536,0,4,11206656,all_reduce,4,4
439,1.17,1.178,1.175,1.177,0.0035590260840104608,0,4,11239424,all_reduce,4,4
440,1.174,1.179,1.177,1.178,0.002160246899469323,0,4,11272192,all_reduce,4,4
441,1.182,1.186,1.184,1.184,0.0016329931618554536,0,4,11304960,all_reduce,4,4
442,1.174,1.187,1.1813333333333331,1.183,0.005436502143433418,0,4,11337728,all_reduce,4,4
443,1.186,1.197,1.191,1.19,0.004546060565662004,0,4,11370496,all_reduce,4,4
444,1.184,1.195,1.188,1.185,0.004966554808583814,0,4,11403264,all_reduce,4,4
445,1.195,1.213,1.203,1.201,0.007483314773547889,0,4,11436032,all_reduce,4,4
446,1.191,1.198,1.1946666666666668,1.195,0.0028674417556808353,0,4,11468800,all_reduce,4,4
447,1.212,1.222,1.2156666666666667,1.213,0.004496912521077329,0,4,11501568,all_reduce,4,4
448,1.203,1.208,1.2053333333333334,1.205,0.002054804667656279,0,4,11534336,all_reduce,4,4
449,1.216,1.229,1.223,1.224,0.0053541261347363825,0,4,11567104,all_reduce,4,4
450,1.222,1.235,1.2276666666666667,1.226,0.005436502143433419,0,4,11599872,all_reduce,4,4
451,1.239,1.2510000000000001,1.243,1.239,0.005656854249492386,0,4,11632640,all_reduce,4,4
452,1.236,1.244,1.2386666666666668,1.236,0.0037712361663282566,0,4,11665408,all_reduce,4,4
453,1.244,1.26,1.2513333333333334,1.25,0.00659966329107445,0,4,11698176,all_reduce,4,4
454,1.24,1.254,1.2466666666666666,1.246,0.005734883511361756,0,4,11730944,all_reduce,4,4
455,1.249,1.2530000000000001,1.2516666666666667,1.2530000000000001,0.0018856180831641283,0,4,11763712,all_reduce,4,4
456,1.249,1.2550000000000001,1.2526666666666668,1.254,0.002624669291337254,0,4,11796480,all_reduce,4,4
457,1.258,1.2610000000000001,1.2590000000000001,1.258,0.0014142135623731486,0,4,11829248,all_reduce,4,4
458,1.254,1.264,1.2593333333333334,1.26,0.0041096093353126546,0,4,11862016,all_reduce,4,4
459,1.26,1.2670000000000001,1.2630000000000001,1.262,0.0029439202887760023,0,4,11894784,all_reduce,4,4
460,1.2630000000000001,1.274,1.2686666666666666,1.2690000000000001,0.004496912521077307,0,4,11927552,all_reduce,4,4
461,1.2630000000000001,1.281,1.2713333333333334,1.27,0.00740870359029754,0,4,11960320,all_reduce,4,4
462,1.2590000000000001,1.274,1.266,1.2650000000000001,0.006164414002968934,0,4,11993088,all_reduce,4,4
463,1.274,1.281,1.2786666666666666,1.281,0.0032998316455371724,0,4,12025856,all_reduce,4,4
464,1.268,1.276,1.2710000000000001,1.2690000000000001,0.0035590260840104196,0,4,12058624,all_reduce,4,4
465,1.272,1.284,1.278,1.278,0.00489897948556636,0,4,12091392,all_reduce,4,4
466,1.2730000000000001,1.28,1.277,1.278,0.0029439202887759012,0,4,12124160,all_reduce,4,4
467,1.283,1.303,1.29,1.284,0.009201449161228158,0,4,12156928,all_reduce,4,4
468,1.283,1.289,1.2853333333333332,1.284,0.002624669291337254,0,4,12189696,all_reduce,4,4
469,1.294,1.298,1.2963333333333333,1.297,0.0016996731711975818,0,4,12222464,all_reduce,4,4
470,1.289,1.298,1.2919999999999998,1.289,0.004242640687119341,0,4,12255232,all_reduce,4,4
471,1.3,1.307,1.3043333333333333,1.306,0.0030912061651652053,0,4,12288000,all_reduce,4,4
472,1.295,1.31,1.3023333333333333,1.302,0.006128258770283462,0,4,12320768,all_reduce,4,4
473,1.305,1.315,1.31,1.31,0.004082482904638634,0,4,12353536,all_reduce,4,4
474,1.293,1.305,1.2996666666666667,1.301,0.004988876515698593,0,4,12386304,all_reduce,4,4
475,1.31,1.33,1.3213333333333335,1.324,0.008379870059984364,0,4,12419072,all_reduce,4,4
476,1.315,1.335,1.3263333333333334,1.329,0.008379870059984364,0,4,12451840,all_reduce,4,4
477,1.337,1.348,1.3436666666666666,1.346,0.004784233364802497,0,4,12484608,all_reduce,4,4
478,1.322,1.329,1.3256666666666668,1.326,0.002867441755680835,0,4,12517376,all_reduce,4,4
479,1.352,1.355,1.3536666666666666,1.354,0.0012472191289246088,0,4,12550144,all_reduce,4,4
480,1.332,1.336,1.3343333333333334,1.335,0.0016996731711975818,0,4,12582912,all_reduce,4,4
481,1.35,1.357,1.3543333333333332,1.356,0.0030912061651652053,0,4,12615680,all_reduce,4,4
482,1.357,1.362,1.3593333333333335,1.359,0.0020548046676563754,0,4,12648448,all_reduce,4,4
483,1.367,1.373,1.3696666666666666,1.369,0.0024944382578492965,0,4,12681216,all_reduce,4,4
484,1.364,1.372,1.367,1.365,0.0035590260840104608,0,4,12713984,all_reduce,4,4
485,1.3800000000000001,1.4060000000000001,1.3900000000000003,1.3840000000000001,0.011430952132988174,0,4,12746752,all_reduce,4,4
486,1.37,1.44,1.4143333333333334,1.433,0.03147838764754138,0,4,12779520,all_reduce,4,4
487,1.371,1.375,1.373,1.373,0.0016329931618554536,0,4,12812288,all_reduce,4,4
488,1.364,1.374,1.368666666666667,1.368,0.0041096093353126546,0,4,12845056,all_reduce,4,4
489,1.374,1.385,1.3793333333333333,1.379,0.004496912521077307,0,4,12877824,all_reduce,4,4
490,1.377,1.3840000000000001,1.3803333333333334,1.3800000000000001,0.002867441755680921,0,4,12910592,all_reduce,4,4
491,1.3840000000000001,1.3880000000000001,1.3860000000000001,1.3860000000000001,0.0016329931618554536,0,4,12943360,all_reduce,4,4
492,1.371,1.383,1.3783333333333332,1.381,0.005249338582674546,0,4,12976128,all_reduce,4,4
493,1.3840000000000001,1.3900000000000001,1.3873333333333335,1.3880000000000001,0.0024944382578492965,0,4,13008896,all_reduce,4,4
494,1.3880000000000001,1.4020000000000001,1.3940000000000001,1.3920000000000001,0.005887840577551903,0,4,13041664,all_reduce,4,4
495,1.3980000000000001,1.4040000000000001,1.4003333333333334,1.399,0.0026246692913372916,0,4,13074432,all_reduce,4,4
496,1.3900000000000001,1.4000000000000001,1.3943333333333332,1.393,0.004189935029992193,0,4,13107200,all_reduce,4,4
497,1.4040000000000001,1.409,1.4063333333333334,1.4060000000000001,0.002054804667656279,0,4,13139968,all_reduce,4,4
498,1.399,1.4060000000000001,1.402,1.401,0.0029439202887760023,0,4,13172736,all_reduce,4,4
499,1.4060000000000001,1.411,1.4083333333333332,1.408,0.0020548046676562913,0,4,13205504,all_reduce,4,4
500,1.4020000000000001,1.416,1.4086666666666667,1.408,0.00573488351136167,0,4,13238272,all_reduce,4,4
501,1.41,1.416,1.413333333333333,1.414,0.0024944382578492965,0,4,13271040,all_reduce,4,4
502,1.413,1.416,1.4143333333333334,1.414,0.0012472191289246088,0,4,13303808,all_reduce,4,4
503,1.418,1.433,1.4253333333333333,1.425,0.006128258770283461,0,4,13336576,all_reduce,4,4
504,1.42,1.43,1.4253333333333333,1.426,0.0041096093353126546,0,4,13369344,all_reduce,4,4
505,1.423,1.424,1.4236666666666666,1.424,0.00047140452079097976,0,4,13402112,all_reduce,4,4
506,1.422,1.428,1.4253333333333333,1.426,0.0024944382578492965,0,4,13434880,all_reduce,4,4
507,1.441,1.45,1.4446666666666665,1.443,0.0038586123009300274,0,4,13467648,all_reduce,4,4
508,1.437,1.44,1.4386666666666665,1.439,0.0012472191289246088,0,4,13500416,all_reduce,4,4
509,1.446,1.45,1.4483333333333333,1.449,0.001699673171197611,0,4,13533184,all_reduce,4,4
510,1.441,1.451,1.4446666666666665,1.442,0.004496912521077374,0,4,13565952,all_reduce,4,4
511,1.452,1.46,1.4560000000000002,1.456,0.0032659863237109073,0,4,13598720,all_reduce,4,4
512,1.442,1.446,1.4436666666666664,1.443,0.0016996731711975822,0,4,13631488,all_reduce,4,4
513,1.463,1.47,1.4653333333333334,1.463,0.0032998316455371724,0,4,13664256,all_reduce,4,4
514,1.47,1.475,1.4726666666666668,1.473,0.0020548046676563754,0,4,13697024,all_reduce,4,4
515,1.482,1.484,1.4826666666666668,1.482,0.0009428090415820641,0,4,13729792,all_reduce,4,4
516,1.471,1.482,1.4783333333333335,1.482,0.005185449728701301,0,4,13762560,all_reduce,4,4
517,1.484,1.49,1.4863333333333335,1.485,0.002624669291337254,0,4,13795328,all_reduce,4,4
518,1.485,1.496,1.4909999999999999,1.492,0.004546060565661907,0,4,13828096,all_reduce,4,4
519,1.491,1.502,1.4963333333333333,1.496,0.004496912521077307,0,4,13860864,all_reduce,4,4
520,1.491,1.499,1.4946666666666666,1.494,0.003299831645537232,0,4,13893632,all_reduce,4,4
521,1.494,1.498,1.4956666666666667,1.495,0.0016996731711975818,0,4,13926400,all_reduce,4,4
522,1.495,1.5010000000000001,1.4973333333333336,1.496,0.0026246692913372916,0,4,13959168,all_reduce,4,4
523,1.498,1.514,1.5053333333333334,1.504,0.00659966329107445,0,4,13991936,all_reduce,4,4
524,1.499,1.5050000000000001,1.5013333333333332,1.5,0.0026246692913372916,0,4,14024704,all_reduce,4,4
525,1.504,1.506,1.5053333333333334,1.506,0.0009428090415820641,0,4,14057472,all_reduce,4,4
526,1.5010000000000001,1.51,1.5066666666666668,1.5090000000000001,0.004027681991198164,0,4,14090240,all_reduce,4,4
527,1.5130000000000001,1.524,1.5170000000000001,1.514,0.004966554808583755,0,4,14123008,all_reduce,4,4
528,1.514,1.52,1.516333333333333,1.5150000000000001,0.002624669291337254,0,4,14155776,all_reduce,4,4
529,1.5130000000000001,1.5270000000000001,1.5190000000000001,1.5170000000000001,0.005887840577551903,0,4,14188544,all_reduce,4,4
530,1.516,1.5250000000000001,1.5190000000000001,1.516,0.004242640687119341,0,4,14221312,all_reduce,4,4
531,1.524,1.5250000000000001,1.5246666666666668,1.5250000000000001,0.00047140452079108444,0,4,14254080,all_reduce,4,4
532,1.562,1.563,1.5626666666666666,1.563,0.00047140452079097976,0,4,14286848,all_reduce,4,4
533,1.556,1.565,1.5603333333333333,1.56,0.0036817870057290433,0,4,14319616,all_reduce,4,4
534,1.56,1.569,1.5646666666666667,1.565,0.0036817870057290433,0,4,14352384,all_reduce,4,4
535,1.58,1.588,1.585,1.587,0.0035590260840104196,0,4,14385152,all_reduce,4,4
536,1.58,1.582,1.5810000000000002,1.581,0.0008164965809277268,0,4,14417920,all_reduce,4,4
537,1.562,1.568,1.5646666666666667,1.564,0.0024944382578492965,0,4,14450688,all_reduce,4,4
538,1.568,1.629,1.6083333333333334,1.6280000000000001,0.028522895287041872,0,4,14483456,all_reduce,4,4
539,1.562,1.651,1.592666666666667,1.565,0.04126607430915727,0,4,14516224,all_reduce,4,4
540,1.551,1.567,1.5566666666666666,1.552,0.0073181661333667,0,4,14548992,all_reduce,4,4
541,1.566,1.573,1.57,1.571,0.0029439202887759012,0,4,14581760,all_reduce,4,4
542,1.554,1.572,1.5626666666666669,1.562,0.00736357401145818,0,4,14614528,all_reduce,4,4
543,1.577,1.582,1.5793333333333333,1.579,0.0020548046676563754,0,4,14647296,all_reduce,4,4
544,1.56,1.573,1.5656666666666668,1.564,0.005436502143433318,0,4,14680064,all_reduce,4,4
545,1.583,1.597,1.5896666666666668,1.589,0.005734883511361756,0,4,14712832,all_reduce,4,4
546,1.597,1.601,1.5990000000000002,1.599,0.0016329931618554536,0,4,14745600,all_reduce,4,4
547,1.602,1.605,1.6039999999999999,1.605,0.0014142135623730439,0,4,14778368,all_reduce,4,4
548,1.604,1.612,1.607,1.605,0.0035590260840104608,0,4,14811136,all_reduce,4,4
549,1.613,1.6420000000000001,1.6226666666666667,1.613,0.013670731102939983,0,4,14843904,all_reduce,4,4
550,1.603,1.615,1.6103333333333332,1.613,0.005249338582674546,0,4,14876672,all_reduce,4,4
551,1.609,1.618,1.6126666666666667,1.611,0.0038586123009301298,0,4,14909440,all_reduce,4,4
552,1.611,1.617,1.6129999999999998,1.611,0.0028284271247461922,0,4,14942208,all_reduce,4,4
553,1.618,1.62,1.619,1.619,0.0008164965809277268,0,4,14974976,all_reduce,4,4
554,1.611,1.625,1.6203333333333332,1.625,0.00659966329107445,0,4,15007744,all_reduce,4,4
555,1.618,1.623,1.6210000000000002,1.622,0.0021602468994692545,0,4,15040512,all_reduce,4,4
556,1.621,1.6280000000000001,1.6233333333333333,1.621,0.003299831645537277,0,4,15073280,all_reduce,4,4
557,1.6260000000000001,1.6320000000000001,1.6286666666666667,1.6280000000000001,0.0024944382578492965,0,4,15106048,all_reduce,4,4
558,1.639,1.653,1.6440000000000001,1.6400000000000001,0.0063770421565696464,0,4,15138816,all_reduce,4,4
559,1.6300000000000001,1.6360000000000001,1.6336666666666666,1.635,0.002624669291337254,0,4,15171584,all_reduce,4,4
560,1.6320000000000001,1.641,1.6376666666666668,1.6400000000000001,0.004027681991198164,0,4,15204352,all_reduce,4,4
561,1.677,1.681,1.6793333333333333,1.68,0.0016996731711975818,0,4,15237120,all_reduce,4,4
562,1.679,1.689,1.6843333333333332,1.685,0.0041096093353126546,0,4,15269888,all_reduce,4,4
563,1.689,1.691,1.6900000000000002,1.69,0.0008164965809277268,0,4,15302656,all_reduce,4,4
564,1.7,1.709,1.705,1.706,0.003741657386773984,0,4,15335424,all_reduce,4,4
565,1.743,1.747,1.7446666666666666,1.744,0.001699673171197611,0,4,15368192,all_reduce,4,4
566,1.679,1.754,1.7289999999999999,1.754,0.035355339059327355,0,4,15400960,all_reduce,4,4
567,1.6560000000000001,1.668,1.6606666666666667,1.6580000000000001,0.005249338582674443,0,4,15433728,all_reduce,4,4
568,1.6580000000000001,1.677,1.6653333333333336,1.661,0.00833999733546451,0,4,15466496,all_reduce,4,4
569,1.661,1.683,1.6689999999999998,1.663,0.009933109617167568,0,4,15499264,all_reduce,4,4
570,1.667,1.672,1.6693333333333333,1.669,0.002054804667656279,0,4,15532032,all_reduce,4,4
571,1.679,1.685,1.6816666666666666,1.681,0.0024944382578492965,0,4,15564800,all_reduce,4,4
572,1.667,1.68,1.6743333333333332,1.676,0.005436502143433318,0,4,15597568,all_reduce,4,4
573,1.688,1.692,1.6903333333333332,1.691,0.001699673171197611,0,4,15630336,all_reduce,4,4
574,1.673,1.693,1.6813333333333336,1.678,0.008498365855987997,0,4,15663104,all_reduce,4,4
575,1.699,1.707,1.7026666666666668,1.702,0.003299831645537232,0,4,15695872,all_reduce,4,4
576,1.686,1.692,1.6896666666666667,1.691,0.0026246692913372916,0,4,15728640,all_reduce,4,4
577,1.724,1.727,1.7249999999999999,1.724,0.0014142135623731486,0,4,15761408,all_reduce,4,4
578,1.732,1.739,1.7346666666666668,1.733,0.0030912061651652695,0,4,15794176,all_reduce,4,4
579,1.743,1.7510000000000001,1.747,1.747,0.0032659863237109073,0,4,15826944,all_reduce,4,4
580,1.738,1.746,1.7413333333333334,1.74,0.003399346342395193,0,4,15859712,all_reduce,4,4
581,1.738,1.75,1.7436666666666667,1.743,0.004921607686744467,0,4,15892480,all_reduce,4,4
582,1.74,1.749,1.7456666666666667,1.748,0.004027681991198225,0,4,15925248,all_reduce,4,4
583,1.745,1.748,1.7460000000000002,1.745,0.0014142135623730439,0,4,15958016,all_reduce,4,4
584,1.75,1.758,1.7543333333333333,1.7550000000000001,0.003299831645537232,0,4,15990784,all_reduce,4,4
585,1.7550000000000001,1.7590000000000001,1.757666666666667,1.7590000000000001,0.0018856180831641283,0,4,16023552,all_reduce,4,4
586,1.805,1.844,1.8183333333333334,1.806,0.01815366507225351,0,4,16056320,all_reduce,4,4
587,1.7750000000000001,1.832,1.8113333333333335,1.827,0.02577250904010355,0,4,16089088,all_reduce,4,4
588,1.748,1.7570000000000001,1.7533333333333332,1.7550000000000001,0.0038586123009301298,0,4,16121856,all_reduce,4,4
589,1.749,1.7550000000000001,1.7530000000000001,1.7550000000000001,0.002828427124746193,0,4,16154624,all_reduce,4,4
590,1.747,1.7730000000000001,1.7573333333333334,1.752,0.011264496832477228,0,4,16187392,all_reduce,4,4
591,1.756,1.7630000000000001,1.7596666666666667,1.76,0.002867441755680921,0,4,16220160,all_reduce,4,4
592,1.768,1.798,1.7786666666666668,1.77,0.013695092389449437,0,4,16252928,all_reduce,4,4
593,1.764,1.7730000000000001,1.7690000000000001,1.77,0.003741657386773984,0,4,16285696,all_reduce,4,4
594,1.772,1.78,1.7753333333333334,1.774,0.003399346342395193,0,4,16318464,all_reduce,4,4
595,1.778,1.7910000000000001,1.784,1.7830000000000001,0.0053541261347363825,0,4,16351232,all_reduce,4,4
596,1.7750000000000001,1.796,1.7886666666666668,1.795,0.00967241208569787,0,4,16384000,all_reduce,4,4
597,1.786,1.7910000000000001,1.7886666666666668,1.7890000000000001,0.0020548046676563754,0,4,16416768,all_reduce,4,4
598,1.784,1.792,1.7886666666666666,1.79,0.003399346342395193,0,4,16449536,all_reduce,4,4
599,1.7870000000000001,1.8,1.7916666666666667,1.788,0.005906681715556426,0,4,16482304,all_reduce,4,4
600,1.7890000000000001,1.792,1.7906666666666666,1.7910000000000001,0.0012472191289246088,0,4,16515072,all_reduce,4,4
601,1.794,1.804,1.7983333333333331,1.797,0.004189935029992193,0,4,16547840,all_reduce,4,4
602,1.795,1.825,1.8066666666666666,1.8,0.013123346456686344,0,4,16580608,all_reduce,4,4
603,1.9060000000000001,1.931,1.9183333333333337,1.9180000000000001,0.010208928554075666,0,4,16613376,all_reduce,4,4
604,1.85,1.857,1.8539999999999999,1.855,0.0029439202887759012,0,4,16646144,all_reduce,4,4
605,1.848,1.859,1.8553333333333333,1.859,0.005185449728701301,0,4,16678912,all_reduce,4,4
606,1.842,1.85,1.8456666666666666,1.845,0.003299831645537232,0,4,16711680,all_reduce,4,4
607,1.8840000000000001,1.8920000000000001,1.8886666666666667,1.8900000000000001,0.003399346342395193,0,4,16744448,all_reduce,4,4
608,1.881,1.913,1.9016666666666666,1.911,0.014636332266733446,0,4,16777216,all_reduce,4,4
609,1.818,1.849,1.8310000000000002,1.826,0.013140268896284644,0,4,16777216,all_reduce,4,4
610,1.92,1.922,1.921,1.921,0.0008164965809277268,0,4,16908288,all_reduce,4,4
611,1.924,1.935,1.9306666666666665,1.933,0.004784233364802497,0,4,17039360,all_reduce,4,4
612,1.949,1.95,1.9493333333333334,1.949,0.00047140452079097976,0,4,17170432,all_reduce,4,4
613,1.952,1.972,1.962,1.962,0.008164965809277268,0,4,17301504,all_reduce,4,4
614,1.958,1.964,1.9603333333333335,1.959,0.002624669291337254,0,4,17432576,all_reduce,4,4
615,1.968,1.984,1.9749999999999999,1.973,0.006683312551921135,0,4,17563648,all_reduce,4,4
616,1.981,1.985,1.9833333333333334,1.984,0.0016996731711975818,0,4,17694720,all_reduce,4,4
617,1.995,2.009,2.0,1.996,0.006377042156569588,0,4,17825792,all_reduce,4,4
618,2.023,2.0260000000000002,2.0243333333333333,2.024,0.0012472191289247074,0,4,17956864,all_reduce,4,4
619,2.0340000000000003,2.039,2.036,2.035,0.0021602468994692545,0,4,18087936,all_reduce,4,4
620,2.032,2.04,2.0349999999999997,2.033,0.003559026084010461,0,4,18219008,all_reduce,4,4
621,2.1510000000000002,2.1750000000000003,2.159666666666667,2.153,0.01087300428686678,0,4,18350080,all_reduce,4,4
622,2.108,2.1310000000000002,2.116666666666667,2.111,0.010208928554075743,0,4,18481152,all_reduce,4,4
623,2.098,2.114,2.106666666666667,2.108,0.006599663291074464,0,4,18612224,all_reduce,4,4
624,2.118,2.126,2.1216666666666666,2.121,0.0032998316455372175,0,4,18743296,all_reduce,4,4
625,2.13,2.1510000000000002,2.141,2.142,0.008602325267042764,0,4,18874368,all_reduce,4,4
626,2.21,2.23,2.218,2.214,0.008640987597877155,0,4,19005440,all_reduce,4,4
627,2.103,2.205,2.1583333333333337,2.1670000000000003,0.04208985098043888,0,4,19136512,all_reduce,4,4
628,2.162,2.173,2.167666666666667,2.168,0.0044969125210774005,0,4,19267584,all_reduce,4,4
629,2.1670000000000003,2.178,2.172,2.1710000000000003,0.004546060565661809,0,4,19398656,all_reduce,4,4
630,2.187,2.208,2.1976666666666667,2.198,0.008576453553512548,0,4,19529728,all_reduce,4,4
631,2.1430000000000002,2.206,2.1673333333333336,2.153,0.02764456948882035,0,4,19660800,all_reduce,4,4
632,2.1470000000000002,2.168,2.1553333333333335,2.1510000000000002,0.009104333522498398,0,4,19791872,all_reduce,4,4
633,2.162,2.186,2.172,2.168,0.01019803902718555,0,4,19922944,all_reduce,4,4
634,2.196,2.204,2.1986666666666665,2.196,0.0037712361663282566,0,4,20054016,all_reduce,4,4
635,2.201,2.212,2.2083333333333335,2.212,0.005185449728701406,0,4,20185088,all_reduce,4,4
636,2.192,2.203,2.1966666666666668,2.195,0.004642796092394599,0,4,20316160,all_reduce,4,4
637,2.196,2.226,2.2093333333333334,2.206,0.012472191289246403,0,4,20447232,all_reduce,4,4
638,2.191,2.213,2.204,2.208,0.009416297927883815,0,4,20578304,all_reduce,4,4
639,2.212,2.22,2.2160000000000006,2.216,0.0032659863237109073,0,4,20709376,all_reduce,4,4
640,2.218,2.238,2.228333333333333,2.229,0.008178562764256875,0,4,20840448,all_reduce,4,4
641,2.239,2.249,2.2443333333333335,2.245,0.004109609335312751,0,4,20971520,all_reduce,4,4
642,2.265,2.2720000000000002,2.268666666666667,2.269,0.002867441755680921,0,4,21102592,all_reduce,4,4
643,2.265,2.281,2.2740000000000005,2.2760000000000002,0.0066833125519211575,0,4,21233664,all_reduce,4,4
644,2.278,2.281,2.279333333333333,2.279,0.0012472191289247074,0,4,21364736,all_reduce,4,4
645,2.2800000000000002,2.293,2.2883333333333336,2.2920000000000003,0.005906681715556426,0,4,21495808,all_reduce,4,4
646,2.287,2.309,2.2953333333333332,2.29,0.009741092797468397,0,4,21626880,all_reduce,4,4
647,2.3040000000000003,2.315,2.3083333333333336,2.306,0.004784233364802327,0,4,21757952,all_reduce,4,4
648,2.302,2.332,2.3203333333333336,2.327,0.013123346456686278,0,4,21889024,all_reduce,4,4
649,2.322,2.357,2.335,2.326,0.015641824275533487,0,4,22020096,all_reduce,4,4
650,2.368,2.412,2.3846666666666665,2.374,0.019482185594936585,0,4,22151168,all_reduce,4,4
651,2.373,2.3890000000000002,2.3813333333333335,2.382,0.006548960901462836,0,4,22282240,all_reduce,4,4
652,2.3810000000000002,2.392,2.385333333333333,2.383,0.004784233364802327,0,4,22413312,all_reduce,4,4
653,2.387,2.4010000000000002,2.393666666666667,2.3930000000000002,0.005734883511361842,0,4,22544384,all_reduce,4,4
654,2.395,2.4130000000000003,2.404333333333333,2.4050000000000002,0.007363574011458274,0,4,22675456,all_reduce,4,4
655,2.392,2.41,2.4036666666666666,2.4090000000000003,0.008259674462242714,0,4,22806528,all_reduce,4,4
656,2.4090000000000003,2.432,2.423,2.428,0.010033277962194794,0,4,22937600,all_reduce,4,4
657,2.418,2.426,2.423,2.4250000000000003,0.003559026084010461,0,4,23068672,all_reduce,4,4
658,2.454,2.462,2.459,2.461,0.003559026084010378,0,4,23199744,all_reduce,4,4
659,2.462,2.473,2.468,2.469,0.004546060565661809,0,4,23330816,all_reduce,4,4
660,2.473,2.485,2.478,2.476,0.005099019513592775,0,4,23461888,all_reduce,4,4
661,2.482,2.496,2.489333333333333,2.49,0.00573488351136167,0,4,23592960,all_reduce,4,4
662,2.491,2.509,2.501333333333333,2.504,0.007586537784493947,0,4,23724032,all_reduce,4,4
663,2.517,2.552,2.532666666666666,2.529,0.01452201394052804,0,4,23855104,all_reduce,4,4
664,2.516,2.528,2.5223333333333335,2.523,0.004921607686744476,0,4,23986176,all_reduce,4,4
665,2.511,2.532,2.5236666666666667,2.528,0.009104333522498398,0,4,24117248,all_reduce,4,4
666,2.547,2.572,2.5596666666666668,2.56,0.010208928554075666,0,4,24248320,all_reduce,4,4
667,2.565,2.569,2.5676666666666668,2.569,0.0018856180831641283,0,4,24379392,all_reduce,4,4
668,2.565,2.595,2.5813333333333333,2.584,0.01239175353029417,0,4,24510464,all_reduce,4,4
669,2.579,2.594,2.5850000000000004,2.582,0.0064807406984077635,0,4,24641536,all_reduce,4,4
670,2.592,2.608,2.5973333333333333,2.592,0.007542472332656513,0,4,24772608,all_reduce,4,4
671,2.615,2.62,2.6170000000000004,2.616,0.0021602468994692545,0,4,24903680,all_reduce,4,4
672,2.611,2.633,2.6229999999999998,2.625,0.009092121131323815,0,4,25034752,all_reduce,4,4
673,2.628,2.6390000000000002,2.6333333333333333,2.633,0.0044969125210774005,0,4,25165824,all_reduce,4,4
674,2.664,2.678,2.670666666666667,2.67,0.00573488351136167,0,4,25296896,all_reduce,4,4
675,2.6710000000000003,2.6790000000000003,2.674666666666667,2.674,0.0032998316455372474,0,4,25427968,all_reduce,4,4
676,2.678,2.6830000000000003,2.6810000000000005,2.682,0.0021602468994693915,0,4,25559040,all_reduce,4,4
677,2.676,2.713,2.6986666666666665,2.707,0.016213848676020336,0,4,25690112,all_reduce,4,4
678,2.703,2.728,2.7159999999999997,2.717,0.010230672835482018,0,4,25821184,all_reduce,4,4
679,2.702,2.72,2.7093333333333334,2.706,0.0077172246018602595,0,4,25952256,all_reduce,4,4
680,2.72,2.732,2.7276666666666665,2.731,0.0054365021434333,0,4,26083328,all_reduce,4,4
681,2.73,2.74,2.7353333333333336,2.736,0.004109609335312751,0,4,26214400,all_reduce,4,4
682,2.775,2.785,2.780666666666667,2.782,0.0041899350299922705,0,4,26345472,all_reduce,4,4
683,2.778,2.794,2.784666666666667,2.782,0.006798692684790386,0,4,26476544,all_reduce,4,4
684,2.793,2.795,2.794333333333333,2.795,0.0009428090415819595,0,4,26607616,all_reduce,4,4
685,2.799,2.813,2.8076666666666665,2.811,0.006182412330330539,0,4,26738688,all_reduce,4,4
686,2.818,2.829,2.8233333333333337,2.823,0.0044969125210774005,0,4,26869760,all_reduce,4,4
687,2.832,2.835,2.8339999999999996,2.835,0.0014142135623731486,0,4,27000832,all_reduce,4,4
688,2.831,2.873,2.8456666666666663,2.833,0.01934482417139595,0,4,27131904,all_reduce,4,4
689,2.849,2.869,2.856333333333333,2.851,0.008993825042154747,0,4,27262976,all_reduce,4,4
690,2.8890000000000002,2.9010000000000002,2.8953333333333333,2.896,0.004921607686744456,0,4,27394048,all_reduce,4,4
691,2.904,2.912,2.9086666666666665,2.91,0.003399346342395222,0,4,27525120,all_reduce,4,4
692,2.9130000000000003,2.9370000000000003,2.9250000000000007,2.9250000000000003,0.00979795897113272,0,4,27656192,all_reduce,4,4
693,2.923,2.945,2.937333333333333,2.944,0.010143416036468554,0,4,27787264,all_reduce,4,4
694,2.952,2.961,2.955666666666667,2.954,0.0038586123009299957,0,4,27918336,all_reduce,4,4
695,2.963,2.977,2.969,2.967,0.0058878405775518025,0,4,28049408,all_reduce,4,4
696,2.975,2.985,2.9796666666666667,2.979,0.004109609335312558,0,4,28180480,all_reduce,4,4
697,3.0,3.126,3.072333333333333,3.091,0.05310576449145818,0,4,28311552,all_reduce,4,4
698,3.003,3.027,3.018333333333333,3.025,0.01087300428686669,0,4,28442624,all_reduce,4,4
699,3.031,3.047,3.0386666666666673,3.0380000000000003,0.006548960901462835,0,4,28573696,all_reduce,4,4
700,3.029,3.075,3.0476666666666667,3.039,0.01975404318670549,0,4,28704768,all_reduce,4,4
701,3.0460000000000003,3.068,3.0583333333333336,3.061,0.009177266598624034,0,4,28835840,all_reduce,4,4
702,3.056,3.077,3.063,3.056,0.009899494936611622,0,4,28966912,all_reduce,4,4
703,3.077,3.083,3.080666666666667,3.082,0.0026246692913373193,0,4,29097984,all_reduce,4,4
704,3.073,3.099,3.087666666666667,3.091,0.010873004286866836,0,4,29229056,all_reduce,4,4
705,3.09,3.116,3.1056666666666666,3.111,0.01126449683247733,0,4,29360128,all_reduce,4,4
706,3.152,3.172,3.1620000000000004,3.162,0.008164965809277268,0,4,29491200,all_reduce,4,4
707,3.136,3.15,3.142333333333333,3.141,0.0057927157323275046,0,4,29622272,all_reduce,4,4
708,3.15,3.1590000000000003,3.154,3.153,0.0037416573867740835,0,4,29753344,all_reduce,4,4
709,3.168,3.1750000000000003,3.171333333333333,3.1710000000000003,0.002867441755680921,0,4,29884416,all_reduce,4,4
710,3.176,3.1790000000000003,3.177666666666667,3.178,0.001247219128924668,0,4,30015488,all_reduce,4,4
711,3.182,3.202,3.1923333333333335,3.193,0.008178562764256875,0,4,30146560,all_reduce,4,4
712,3.194,3.213,3.204333333333333,3.206,0.007845734863959928,0,4,30277632,all_reduce,4,4
713,3.205,3.24,3.221,3.218,0.014445299120013702,0,4,30408704,all_reduce,4,4
714,3.243,3.258,3.250666666666666,3.251,0.006128258770283461,0,4,30539776,all_reduce,4,4
715,3.2560000000000002,3.2640000000000002,3.2586666666666666,3.2560000000000002,0.0037712361663282566,0,4,30670848,all_reduce,4,4
716,3.263,3.2720000000000002,3.2680000000000002,3.269,0.0037416573867740835,0,4,30801920,all_reduce,4,4
717,3.263,3.2800000000000002,3.2736666666666667,3.278,0.007586537784494148,0,4,30932992,all_reduce,4,4
718,3.281,3.2960000000000003,3.2863333333333333,3.282,0.006847546194724795,0,4,31064064,all_reduce,4,4
719,3.317,3.336,3.3250000000000006,3.322,0.008041558721209749,0,4,31195136,all_reduce,4,4
720,3.3200000000000003,3.33,3.3260000000000005,3.3280000000000003,0.004320493798938509,0,4,31326208,all_reduce,4,4
721,3.31,3.481,3.372,3.325,0.07731752712031072,0,4,31457280,all_reduce,4,4
722,3.357,3.365,3.361333333333333,3.362,0.0032998316455372175,0,4,31588352,all_reduce,4,4
723,3.365,3.384,3.376666666666667,3.3810000000000002,0.008339997335464446,0,4,31719424,all_reduce,4,4
724,3.3930000000000002,3.434,3.4150000000000005,3.418,0.01687206764645832,0,4,31850496,all_reduce,4,4
725,3.399,3.41,3.404,3.403,0.004546060565662005,0,4,31981568,all_reduce,4,4
726,3.4250000000000003,3.4410000000000003,3.435333333333334,3.44,0.007318166133366652,0,4,32112640,all_reduce,4,4
727,3.422,3.428,3.425333333333333,3.426,0.0024944382578492175,0,4,32243712,all_reduce,4,4
728,3.442,3.455,3.4470000000000005,3.444,0.005715476066494074,0,4,32374784,all_reduce,4,4
729,3.4530000000000003,3.465,3.459,3.459,0.00489897948556618,0,4,32505856,all_reduce,4,4
730,3.47,3.504,3.4886666666666666,3.492,0.014079141387961833,0,4,32636928,all_reduce,4,4
731,3.507,3.5100000000000002,3.5083333333333333,3.508,0.0012472191289247074,0,4,32768000,all_reduce,4,4
732,3.513,3.529,3.518666666666667,3.5140000000000002,0.007318166133366652,0,4,32899072,all_reduce,4,4
733,3.525,3.5340000000000003,3.530666666666667,3.533,0.004027681991198286,0,4,33030144,all_reduce,4,4
734,3.533,3.5500000000000003,3.5420000000000003,3.543,0.006976149845485594,0,4,33161216,all_reduce,4,4
735,3.552,3.557,3.5546666666666664,3.555,0.0020548046676562913,0,4,33292288,all_reduce,4,4
736,3.552,3.559,3.5559999999999996,3.557,0.0029439202887759767,0,4,33423360,all_reduce,4,4
737,3.58,3.592,3.5863333333333336,3.587,0.004921607686744476,0,4,33554432,all_reduce,4,4
738,3.708,3.721,3.715666666666667,3.718,0.005557777333510961,0,4,33685504,all_reduce,4,4
739,3.724,3.741,3.7306666666666666,3.727,0.007408703590297634,0,4,33816576,all_reduce,4,4
740,3.721,3.73,3.7270000000000003,3.73,0.004242640687119236,0,4,33947648,all_reduce,4,4
741,3.737,3.763,3.749,3.747,0.0107082522694726,0,4,34078720,all_reduce,4,4
742,3.747,3.754,3.751333333333333,3.753,0.003091206165165309,0,4,34209792,all_reduce,4,4
743,3.75,3.762,3.7550000000000003,3.753,0.005099019513592775,0,4,34340864,all_reduce,4,4
744,3.759,3.761,3.7600000000000002,3.7600000000000002,0.0008164965809278175,0,4,34471936,all_reduce,4,4
745,3.77,3.811,3.786,3.777,0.017907168024751004,0,4,34603008,all_reduce,4,4
746,3.825,3.833,3.829333333333333,3.83,0.0032998316455372175,0,4,34734080,all_reduce,4,4
747,3.806,3.8200000000000003,3.8113333333333337,3.8080000000000003,0.006182412330330539,0,4,34865152,all_reduce,4,4
748,3.805,3.8120000000000003,3.8086666666666673,3.809,0.002867441755680921,0,4,34996224,all_reduce,4,4
749,3.809,3.829,3.818666666666667,3.818,0.008178562764256875,0,4,35127296,all_reduce,4,4
750,3.821,3.849,3.8313333333333333,3.8240000000000003,0.012552113589175143,0,4,35258368,all_reduce,4,4
751,3.8280000000000003,3.8360000000000003,3.832333333333333,3.833,0.0032998316455372175,0,4,35389440,all_reduce,4,4
752,3.835,3.847,3.842333333333334,3.845,0.005249338582674583,0,4,35520512,all_reduce,4,4
753,3.8360000000000003,3.866,3.8516666666666666,3.853,0.012283683848458772,0,4,35651584,all_reduce,4,4
754,3.862,3.876,3.8689999999999998,3.869,0.005715476066493997,0,4,35782656,all_reduce,4,4
755,3.872,3.9,3.8823333333333334,3.875,0.012552113589175143,0,4,35913728,all_reduce,4,4
756,3.883,3.895,3.890333333333333,3.8930000000000002,0.005249338582674583,0,4,36044800,all_reduce,4,4
757,3.9050000000000002,3.946,3.9203333333333337,3.91,0.01826350337573695,0,4,36175872,all_reduce,4,4
758,3.892,3.9010000000000002,3.8953333333333333,3.8930000000000002,0.004027681991198286,0,4,36306944,all_reduce,4,4
759,3.911,3.926,3.917,3.914,0.0064807406984079005,0,4,36438016,all_reduce,4,4
760,3.916,3.938,3.926666666666667,3.926,0.00899382504215479,0,4,36569088,all_reduce,4,4
761,3.935,3.996,3.969666666666667,3.978,0.02559079695689231,0,4,36700160,all_reduce,4,4
762,3.959,3.987,3.969,3.9610000000000003,0.012754084313139293,0,4,36831232,all_reduce,4,4
763,3.973,4.0040000000000004,3.9890000000000003,3.99,0.012675435561221268,0,4,36962304,all_reduce,4,4
764,3.9650000000000003,3.97,3.968,3.969,0.002160246899469186,0,4,37093376,all_reduce,4,4
765,3.9610000000000003,3.985,3.9763333333333333,3.983,0.010873004286866573,0,4,37224448,all_reduce,4,4
766,3.971,3.998,3.9813333333333336,3.975,0.011897712198383228,0,4,37355520,all_reduce,4,4
767,3.993,4.009,4.003,4.007,0.007118052168020964,0,4,37486592,all_reduce,4,4
768,3.99,4.0,3.9963333333333337,3.999,0.004496912521077269,0,4,37617664,all_reduce,4,4
769,4.008,4.055,4.027333333333334,4.019,0.02007209228976598,0,4,37748736,all_reduce,4,4
770,4.041,4.048,4.044333333333333,4.0440000000000005,0.0028674417556807316,0,4,37879808,all_reduce,4,4
771,4.056,4.072,4.062,4.058,0.0071180521680209215,0,4,38010880,all_reduce,4,4
772,4.053,4.065,4.060333333333333,4.063,0.005249338582674639,0,4,38141952,all_reduce,4,4
773,4.07,4.075,4.072666666666667,4.073,0.0020548046676562913,0,4,38273024,all_reduce,4,4
774,4.069,4.075,4.071000000000001,4.069,0.002828427124746297,0,4,38404096,all_reduce,4,4
775,4.088,4.095,4.0906666666666665,4.089,0.003091206165165022,0,4,38535168,all_reduce,4,4
776,4.083,4.134,4.109333333333333,4.111,0.020853989759489454,0,4,38666240,all_reduce,4,4
777,4.089,4.11,4.097333333333333,4.093,0.009104333522498469,0,4,38797312,all_reduce,4,4
778,4.12,4.156,4.134666666666667,4.128,0.01543444920372011,0,4,38928384,all_reduce,4,4
779,4.146,4.157,4.15,4.147,0.004966554808583769,0,4,39059456,all_reduce,4,4
780,4.148,4.17,4.156,4.15,0.009933109617167538,0,4,39190528,all_reduce,4,4
781,4.1450000000000005,4.196,4.171333333333333,4.173,0.020853989759489103,0,4,39321600,all_reduce,4,4
782,4.17,4.178,4.174,4.174,0.0032659863237109073,0,4,39452672,all_reduce,4,4
783,4.158,4.1930000000000005,4.178,4.183,0.014719601443879734,0,4,39583744,all_reduce,4,4
784,4.17,4.182,4.175333333333334,4.174,0.004988876515698751,0,4,39714816,all_reduce,4,4
785,4.192,4.204,4.199000000000001,4.2010000000000005,0.005099019513592687,0,4,39845888,all_reduce,4,4
786,4.215,4.223,4.219666666666666,4.221,0.003399346342395222,0,4,39976960,all_reduce,4,4
787,4.255,4.284,4.266,4.259,0.012832251036613318,0,4,40108032,all_reduce,4,4
788,4.236,4.25,4.2443333333333335,4.247,0.006018490028422687,0,4,40239104,all_reduce,4,4
789,4.255,4.277,4.263000000000001,4.257,0.009933109617167717,0,4,40370176,all_reduce,4,4
790,4.265,4.292,4.282333333333334,4.29,0.012283683848458961,0,4,40501248,all_reduce,4,4
791,4.264,4.29,4.280666666666666,4.288,0.011813363431112852,0,4,40632320,all_reduce,4,4
792,4.281,4.293,4.286333333333333,4.285,0.004988876515698751,0,4,40763392,all_reduce,4,4
793,4.287,4.315,4.302333333333333,4.305,0.011585431464655334,0,4,40894464,all_reduce,4,4
794,4.324,4.347,4.333000000000001,4.328,0.010033277962195135,0,4,41025536,all_reduce,4,4
795,4.328,4.348,4.34,4.344,0.008640987597877018,0,4,41156608,all_reduce,4,4
796,4.332,4.345,4.340333333333334,4.344,0.005906681715556518,0,4,41287680,all_reduce,4,4
797,4.354,4.362,4.358333333333333,4.359,0.0032998316455372175,0,4,41418752,all_reduce,4,4
798,4.349,4.375,4.363333333333333,4.366,0.010780641085864037,0,4,41549824,all_reduce,4,4
799,4.373,4.397,4.386,4.388,0.009899494936611651,0,4,41680896,all_reduce,4,4
800,4.377,4.407,4.391,4.389,0.012328828005938037,0,4,41811968,all_reduce,4,4
801,4.384,4.415,4.401,4.404,0.012832251036613295,0,4,41943040,all_reduce,4,4
802,4.457,4.489,4.469,4.461,0.014236104336041678,0,4,42074112,all_reduce,4,4
803,4.445,4.45,4.448333333333333,4.45,0.002357022603955108,0,4,42205184,all_reduce,4,4
804,4.445,4.469,4.455666666666667,4.453,0.009977753031397186,0,4,42336256,all_reduce,4,4
805,4.4430000000000005,4.466,4.4526666666666666,4.449,0.009741092797468246,0,4,42467328,all_reduce,4,4
806,4.47,4.479,4.474,4.473,0.003741657386774083,0,4,42598400,all_reduce,4,4
807,4.486,4.496,4.491,4.491,0.004082482904638906,0,4,42729472,all_reduce,4,4
808,4.49,4.516,4.506333333333333,4.513,0.011614167593456116,0,4,42860544,all_reduce,4,4
809,4.509,4.517,4.5136666666666665,4.515,0.003399346342395106,0,4,42991616,all_reduce,4,4
810,4.553,4.5680000000000005,4.562333333333334,4.566,0.006649979114420145,0,4,43122688,all_reduce,4,4
811,4.539,4.571,4.556666666666667,4.5600000000000005,0.013274871834493327,0,4,43253760,all_reduce,4,4
812,4.555,4.579,4.568666666666666,4.572,0.010077477638554029,0,4,43384832,all_reduce,4,4
813,4.561,4.597,4.575666666666667,4.569,0.015434449203720519,0,4,43515904,all_reduce,4,4
814,4.575,4.604,4.5889999999999995,4.588,0.011860297916438098,0,4,43646976,all_reduce,4,4
815,4.602,4.621,4.610333333333334,4.6080000000000005,0.007930251502246913,0,4,43778048,all_reduce,4,4
816,4.604,4.628,4.619,4.625,0.0106770782520313,0,4,43909120,all_reduce,4,4
817,4.623,4.628,4.625,4.624,0.002160246899469323,0,4,44040192,all_reduce,4,4
818,4.636,4.675,4.655666666666666,4.656,0.015923427883328126,0,4,44171264,all_reduce,4,4
819,4.658,4.696,4.68,4.686,0.016083117442419498,0,4,44302336,all_reduce,4,4
820,4.651,4.6930000000000005,4.668,4.66,0.01805547008526806,0,4,44433408,all_reduce,4,4
821,4.699,4.72,4.708,4.705,0.00883176086632778,0,4,44564480,all_reduce,4,4
822,4.68,4.721,4.703,4.708,0.017107503227141965,0,4,44695552,all_reduce,4,4
823,4.703,4.732,4.721333333333334,4.729,0.013021349989749678,0,4,44826624,all_reduce,4,4
824,4.708,4.738,4.723333333333334,4.724,0.012256517540566924,0,4,44957696,all_reduce,4,4
825,4.7170000000000005,4.758,4.736666666666667,4.735,0.016779617264870747,0,4,45088768,all_reduce,4,4
826,4.773,4.809,4.790666666666667,4.79,0.014704496666742044,0,4,45219840,all_reduce,4,4
827,4.774,4.822,4.804333333333333,4.817,0.02154581681492312,0,4,45350912,all_reduce,4,4
828,4.808,4.82,4.813666666666666,4.813,0.004921607686744666,0,4,45481984,all_reduce,4,4
829,4.791,4.824,4.812,4.821,0.01489966442575107,0,4,45613056,all_reduce,4,4
830,4.806,4.8260000000000005,4.816666666666667,4.8180000000000005,0.008219218670625502,0,4,45744128,all_reduce,4,4
831,4.814,4.843,4.824000000000001,4.815,0.013441230102437187,0,4,45875200,all_reduce,4,4
832,4.841,4.852,4.847666666666667,4.8500000000000005,0.004784233364802533,0,4,46006272,all_reduce,4,4
833,4.861,4.878,4.872,4.877,0.007788880963698707,0,4,46137344,all_reduce,4,4
834,4.883,4.904,4.893,4.892,0.008602325267042573,0,4,46268416,all_reduce,4,4
835,4.91,4.918,4.915,4.917,0.003559026084010378,0,4,46399488,all_reduce,4,4
836,4.909,4.93,4.921,4.924,0.00883176086632788,0,4,46530560,all_reduce,4,4
837,4.92,4.958,4.939,4.939,0.015513435037626899,0,4,46661632,all_reduce,4,4
838,4.936,4.95,4.944,4.946,0.005887840577551953,0,4,46792704,all_reduce,4,4
839,4.941,4.971,4.96,4.968,0.013490737563232135,0,4,46923776,all_reduce,4,4
840,4.956,4.992,4.9736666666666665,4.973,0.014704496666741687,0,4,47054848,all_reduce,4,4
841,4.947,4.976,4.9656666666666665,4.974,0.013224556283251587,0,4,47185920,all_reduce,4,4
842,4.996,5.0120000000000005,5.003333333333334,5.002,0.006599663291074494,0,4,47316992,all_reduce,4,4
843,5.016,5.022,5.019666666666667,5.021,0.0026246692913373193,0,4,47448064,all_reduce,4,4
844,5.05,5.075,5.064,5.067,0.01042433051407475,0,4,47579136,all_reduce,4,4
845,5.013,5.063,5.034,5.026,0.021181753153756273,0,4,47710208,all_reduce,4,4
846,5.037,5.066,5.052666666666666,5.055,0.011953614051360693,0,4,47841280,all_reduce,4,4
847,5.063,5.089,5.0776666666666666,5.081,0.010873004286867036,0,4,47972352,all_reduce,4,4
848,5.078,5.105,5.088666666666668,5.083,0.011728408057172868,0,4,48103424,all_reduce,4,4
849,5.0840000000000005,5.135,5.101,5.0840000000000005,0.02404163056034227,0,4,48234496,all_reduce,4,4
850,5.117,5.142,5.126333333333334,5.12,0.011145502331533804,0,4,48365568,all_reduce,4,4
851,5.113,5.163,5.133333333333334,5.124,0.021452790546272145,0,4,48496640,all_reduce,4,4
852,5.152,5.173,5.164666666666667,5.1690000000000005,0.009104333522498469,0,4,48627712,all_reduce,4,4
853,5.12,5.174,5.1546666666666665,5.17,0.02456736769691774,0,4,48758784,all_reduce,4,4
854,5.167,5.194,5.181333333333334,5.183,0.011085526098877313,0,4,48889856,all_reduce,4,4
855,5.18,5.1930000000000005,5.188,5.191,0.005715476066494333,0,4,49020928,all_reduce,4,4
856,5.186,5.214,5.203333333333333,5.21,0.012364824660661078,0,4,49152000,all_reduce,4,4
857,5.191,5.24,5.221333333333334,5.2330000000000005,0.02163844315615688,0,4,49283072,all_reduce,4,4
858,5.257,5.308,5.277333333333333,5.267,0.022065558884580457,0,4,49414144,all_reduce,4,4
859,5.257,5.287,5.2749999999999995,5.281,0.0129614813968158,0,4,49545216,all_reduce,4,4
860,5.271,5.314,5.287,5.276,0.019200694431886316,0,4,49676288,all_reduce,4,4
861,5.28,5.303,5.289333333333334,5.285,0.009877021593352575,0,4,49807360,all_reduce,4,4
862,5.327,5.351,5.340333333333334,5.343,0.009977753031397186,0,4,49938432,all_reduce,4,4
863,5.307,5.363,5.336333333333333,5.339,0.022939534045447026,0,4,50069504,all_reduce,4,4
864,5.3,5.353,5.333333333333333,5.347,0.023697163449568393,0,4,50200576,all_reduce,4,4
865,5.3420000000000005,5.365,5.350666666666666,5.345,0.0102089285540757,0,4,50331648,all_reduce,4,4
866,5.476,5.494,5.483666666666667,5.481,0.007586537784493947,0,4,50462720,all_reduce,4,4
867,5.478,5.496,5.489666666666667,5.495,0.008259674462242827,0,4,50593792,all_reduce,4,4
868,5.497,5.529,5.516333333333333,5.523,0.013888444437333083,0,4,50724864,all_reduce,4,4
869,5.533,5.543,5.537,5.535,0.004320493798938509,0,4,50855936,all_reduce,4,4
870,5.537,5.553,5.544666666666667,5.5440000000000005,0.0065489609014628206,0,4,50987008,all_reduce,4,4
871,5.5280000000000005,5.538,5.532666666666667,5.532,0.0041096093353125826,0,4,51118080,all_reduce,4,4
872,5.538,5.563,5.550999999999999,5.5520000000000005,0.010230672835481671,0,4,51249152,all_reduce,4,4
873,5.815,5.84,5.827333333333333,5.827,0.010208928554075488,0,4,51380224,all_reduce,4,4
874,5.604,5.734,5.6546666666666665,5.626,0.05681157941437243,0,4,51511296,all_reduce,4,4
875,5.605,5.623,5.613666666666667,5.613,0.0073635740114580866,0,4,51642368,all_reduce,4,4
876,5.573,5.596,5.5873333333333335,5.593,0.010208928554075536,0,4,51773440,all_reduce,4,4
877,5.588,5.603,5.593333333333334,5.589,0.006847546194724492,0,4,51904512,all_reduce,4,4
878,5.61,5.641,5.624333333333333,5.622,0.012762793146050992,0,4,52035584,all_reduce,4,4
879,5.632,5.671,5.655333333333334,5.663,0.01681930108205742,0,4,52166656,all_reduce,4,4
880,5.628,5.641,5.635666666666666,5.638,0.00555777733351096,0,4,52297728,all_reduce,4,4
881,5.636,5.66,5.649333333333334,5.652,0.009977753031397186,0,4,52428800,all_reduce,4,4
882,5.649,5.695,5.667000000000001,5.657,0.020066555924390005,0,4,52559872,all_reduce,4,4
883,5.666,5.695,5.677,5.67,0.012832251036613479,0,4,52690944,all_reduce,4,4
884,5.658,5.69,5.676333333333333,5.681,0.013474255287605132,0,4,52822016,all_reduce,4,4
885,5.673,5.6850000000000005,5.6803333333333335,5.683,0.005249338582674639,0,4,52953088,all_reduce,4,4
886,5.675,5.684,5.6803333333333335,5.682,0.003858612300930264,0,4,53084160,all_reduce,4,4
887,5.679,5.697,5.690333333333332,5.695,0.008055363982396329,0,4,53215232,all_reduce,4,4
888,5.687,5.713,5.697,5.691,0.01143095213298815,0,4,53346304,all_reduce,4,4
889,5.714,5.72,5.716,5.714,0.0028284271247458787,0,4,53477376,all_reduce,4,4
890,5.737,5.75,5.741666666666667,5.738,0.005906681715556334,0,4,53608448,all_reduce,4,4
891,5.7410000000000005,5.751,5.747333333333334,5.75,0.004496912521077181,0,4,53739520,all_reduce,4,4
892,5.768,5.811,5.785333333333334,5.777,0.01851725921644155,0,4,53870592,all_reduce,4,4
893,5.773,5.848,5.800999999999999,5.782,0.033436506994601,0,4,54001664,all_reduce,4,4
894,5.756,5.817,5.78,5.767,0.026545558322752683,0,4,54132736,all_reduce,4,4
895,5.764,5.787,5.774,5.771,0.009626352718795661,0,4,54263808,all_reduce,4,4
896,5.772,5.7940000000000005,5.782666666666667,5.782,0.008993825042154801,0,4,54394880,all_reduce,4,4
897,5.79,5.808,5.798333333333333,5.797,0.007408703590297553,0,4,54525952,all_reduce,4,4
898,5.856,5.914,5.8756666666666675,5.857,0.027108834148463126,0,4,54657024,all_reduce,4,4
899,5.821,5.855,5.835999999999999,5.832,0.014165686240584152,0,4,54788096,all_reduce,4,4
900,5.849,5.8790000000000004,5.864333333333334,5.865,0.012256517540566923,0,4,54919168,all_reduce,4,4
901,5.832,5.868,5.846333333333334,5.839,0.015584892970081412,0,4,55050240,all_reduce,4,4
902,5.841,5.882000000000001,5.867333333333334,5.8790000000000004,0.018660713336371357,0,4,55181312,all_reduce,4,4
903,5.843,5.871,5.8549999999999995,5.851,0.01177568115510401,0,4,55312384,all_reduce,4,4
904,5.872,5.8790000000000004,5.876666666666668,5.8790000000000004,0.0032998316455374863,0,4,55443456,all_reduce,4,4
905,5.868,5.889,5.881666666666668,5.888,0.009672412085697824,0,4,55574528,all_reduce,4,4
906,5.8950000000000005,5.93,5.907666666666667,5.898,0.0158394724940221,0,4,55705600,all_reduce,4,4
907,5.906,5.9350000000000005,5.916999999999999,5.91,0.012832251036613732,0,4,55836672,all_reduce,4,4
908,5.945,5.961,5.953666666666667,5.955,0.006599663291074435,0,4,55967744,all_reduce,4,4
909,5.9350000000000005,5.953,5.941666666666667,5.937,0.008055363982396329,0,4,56098816,all_reduce,4,4
910,5.944,5.969,5.953,5.946,0.011343133018115915,0,4,56229888,all_reduce,4,4
911,5.956,6.003,5.9750000000000005,5.966,0.02021550560007497,0,4,56360960,all_reduce,4,4
912,5.974,6.002,5.985333333333333,5.98,0.012036980056844967,0,4,56492032,all_reduce,4,4
913,5.954,6.002,5.981000000000001,5.987,0.02004993765576347,0,4,56623104,all_reduce,4,4
914,5.998,6.048,6.030000000000001,6.0440000000000005,0.022686266036231417,0,4,56754176,all_reduce,4,4
915,6.007000000000001,6.063,6.034666666666666,6.034,0.022866763848189656,0,4,56885248,all_reduce,4,4
916,6.035,6.045,6.039000000000001,6.037,0.004320493798938509,0,4,57016320,all_reduce,4,4
917,6.051,6.075,6.061333333333333,6.058,0.010077477638554029,0,4,57147392,all_reduce,4,4
918,6.043,6.095,6.07,6.072,0.021275964529643775,0,4,57278464,all_reduce,4,4
919,6.043,6.065,6.057333333333333,6.064,0.010143416036468665,0,4,57409536,all_reduce,4,4
920,6.047,6.071,6.06,6.062,0.009899494936611712,0,4,57540608,all_reduce,4,4
921,6.057,6.096,6.075333333333333,6.073,0.016006942938057163,0,4,57671680,all_reduce,4,4
922,6.0920000000000005,6.164,6.12,6.104,0.03149603149604693,0,4,57802752,all_reduce,4,4
923,6.079,6.132000000000001,6.110333333333333,6.12,0.022691163233490325,0,4,57933824,all_reduce,4,4
924,6.156,6.179,6.167000000000001,6.166,0.009416297927883911,0,4,58064896,all_reduce,4,4
925,6.140000000000001,6.163,6.151000000000001,6.15,0.009416297927883564,0,4,58195968,all_reduce,4,4
926,6.135,6.168,6.154333333333334,6.16,0.014055445761538842,0,4,58327040,all_reduce,4,4
927,6.162,6.182,6.172999999999999,6.175,0.008286535263104194,0,4,58458112,all_reduce,4,4
928,6.168,6.18,6.174666666666667,6.176,0.004988876515698435,0,4,58589184,all_reduce,4,4
929,6.16,6.234,6.189,6.173,0.0322593655651605,0,4,58720256,all_reduce,4,4
930,6.214,6.26,6.234333333333335,6.229,0.019154343864744603,0,4,58851328,all_reduce,4,4
931,6.229,6.265000000000001,6.244666666666667,6.24,0.015062831370260207,0,4,58982400,all_reduce,4,4
932,6.237,6.247,6.242,6.242,0.004082482904638543,0,4,59113472,all_reduce,4,4
933,6.221,6.252,6.2363333333333335,6.236,0.012657891697364894,0,4,59244544,all_reduce,4,4
934,6.237,6.274,6.259333333333334,6.267,0.016048537489614313,0,4,59375616,all_reduce,4,4
935,6.251,6.283,6.271666666666667,6.281,0.014636332266733304,0,4,59506688,all_reduce,4,4
936,6.277,6.292,6.286333333333332,6.29,0.006649979114419892,0,4,59637760,all_reduce,4,4
937,6.292,6.315,6.305666666666667,6.3100000000000005,0.009877021593352985,0,4,59768832,all_reduce,4,4
938,6.298,6.321,6.309333333333332,6.309,0.009392668535736783,0,4,59899904,all_reduce,4,4
939,6.301,6.367,6.333666666666667,6.333,0.02694851057521025,0,4,60030976,all_reduce,4,4
940,6.373,6.47,6.433333333333334,6.457,0.04299095512107407,0,4,60162048,all_reduce,4,4
941,6.356,6.386,6.374333333333333,6.381,0.013123346456686485,0,4,60293120,all_reduce,4,4
942,6.3790000000000004,6.393,6.384,6.38,0.006377042156569472,0,4,60424192,all_reduce,4,4
943,6.344,6.392,6.371333333333333,6.378,0.020154955277107957,0,4,60555264,all_reduce,4,4
944,6.383,6.42,6.397000000000001,6.388,0.01639105447085898,0,4,60686336,all_reduce,4,4
945,6.399,6.408,6.404,6.405,0.003741657386774083,0,4,60817408,all_reduce,4,4
946,6.4350000000000005,6.465,6.4476666666666675,6.4430000000000005,0.012684198393626672,0,4,60948480,all_reduce,4,4
947,6.444,6.474,6.457,6.453,0.012569805089976611,0,4,61079552,all_reduce,4,4
948,6.477,6.502,6.4926666666666675,6.4990000000000006,0.011145502331533556,0,4,61210624,all_reduce,4,4
949,6.469,6.498,6.482333333333334,6.48,0.011953614051360693,0,4,61341696,all_reduce,4,4
950,6.4990000000000006,6.548,6.5183333333333335,6.508,0.021296843793284236,0,4,61472768,all_reduce,4,4
951,6.505,6.532,6.517666666666666,6.516,0.011085526098877313,0,4,61603840,all_reduce,4,4
952,6.496,6.5280000000000005,6.513000000000001,6.515000000000001,0.0131402688962847,0,4,61734912,all_reduce,4,4
953,6.527,6.579,6.547666666666667,6.537,0.022528993664954252,0,4,61865984,all_reduce,4,4
954,6.555,6.578,6.565,6.562,0.009626352718795968,0,4,61997056,all_reduce,4,4
955,6.587,6.603,6.594333333333334,6.593,0.006599663291074435,0,4,62128128,all_reduce,4,4
956,6.561,6.587,6.575,6.577,0.0107082522694726,0,4,62259200,all_reduce,4,4
957,6.5920000000000005,6.607,6.599666666666668,6.6000000000000005,0.006128258770283284,0,4,62390272,all_reduce,4,4
958,6.615,6.652,6.629666666666666,6.622,0.016048537489614313,0,4,62521344,all_reduce,4,4
959,6.618,6.6530000000000005,6.630666666666667,6.621,0.01583947249402234,0,4,62652416,all_reduce,4,4
960,6.623,6.652,6.632666666666666,6.623,0.013670731102939879,0,4,62783488,all_reduce,4,4
961,6.65,6.667,6.659666666666666,6.662,0.007133644853010667,0,4,62914560,all_reduce,4,4
962,6.66,6.704,6.686333333333334,6.695,0.018979521127315574,0,4,63045632,all_reduce,4,4
963,6.681,6.739,6.707333333333334,6.702,0.023976840677805856,0,4,63176704,all_reduce,4,4
964,6.698,6.716,6.708333333333333,6.711,0.007586537784493947,0,4,63307776,all_reduce,4,4
965,6.684,6.737,6.717333333333333,6.731,0.023697163449568223,0,4,63438848,all_reduce,4,4
966,6.716,6.7490000000000006,6.737333333333333,6.747,0.015107025591499575,0,4,63569920,all_reduce,4,4
967,6.74,6.75,6.743666666666667,6.7410000000000005,0.004496912521077181,0,4,63700992,all_reduce,4,4
968,6.771,6.796,6.784666666666666,6.787,0.010338708279514013,0,4,63832064,all_reduce,4,4
969,6.757000000000001,6.776,6.766000000000001,6.765000000000001,0.007788880963698289,0,4,63963136,all_reduce,4,4
970,6.807,6.828,6.821000000000001,6.828,0.009899494936611622,0,4,64094208,all_reduce,4,4
971,6.815,6.838,6.826333333333334,6.8260000000000005,0.009392668535736783,0,4,64225280,all_reduce,4,4
972,6.829,6.8580000000000005,6.841,6.836,0.012355835328567386,0,4,64356352,all_reduce,4,4
973,6.84,6.8580000000000005,6.847333333333334,6.844,0.0077172246018604,0,4,64487424,all_reduce,4,4
974,6.8340000000000005,6.873,6.857,6.864,0.016673332000532882,0,4,64618496,all_reduce,4,4
975,6.859,6.8790000000000004,6.866,6.86,0.00920144916122832,0,4,64749568,all_reduce,4,4
976,6.888,6.896,6.891000000000001,6.889,0.003559026084010378,0,4,64880640,all_reduce,4,4
977,6.865,6.906000000000001,6.8870000000000005,6.890000000000001,0.016872067646458513,0,4,65011712,all_reduce,4,4
978,6.901,6.932,6.9173333333333344,6.9190000000000005,0.012710450643292001,0,4,65142784,all_reduce,4,4
979,6.933,6.966,6.947666666666667,6.944,0.013719410418171268,0,4,65273856,all_reduce,4,4
980,6.922,6.9670000000000005,6.941666666666666,6.936,0.018803073034894282,0,4,65404928,all_reduce,4,4
981,6.92,6.965,6.945333333333333,6.9510000000000005,0.018803073034893973,0,4,65536000,all_reduce,4,4
982,6.958,6.968,6.962000000000001,6.96,0.004320493798938509,0,4,65667072,all_reduce,4,4
983,6.984,7.042,7.004666666666668,6.988,0.026449112566502987,0,4,65798144,all_reduce,4,4
984,6.99,7.018,7.004666666666668,7.006,0.01146976702272334,0,4,65929216,all_reduce,4,4
985,7.017,7.035,7.028,7.032,0.007874007874011695,0,4,66060288,all_reduce,4,4
986,7.037,7.104,7.080333333333333,7.1000000000000005,0.03068477726097366,0,4,66191360,all_reduce,4,4
987,7.042,7.0840000000000005,7.064,7.066,0.017204650534085528,0,4,66322432,all_reduce,4,4
988,7.094,7.114,7.107333333333333,7.114,0.009428090415820432,0,4,66453504,all_reduce,4,4
989,7.109,7.131,7.117333333333334,7.112,0.009741092797468397,0,4,66584576,all_reduce,4,4
990,7.12,7.146,7.129666666666666,7.123,0.011614167593456116,0,4,66715648,all_reduce,4,4
991,7.126,7.149,7.135666666666666,7.132000000000001,0.009741092797468135,0,4,66846720,all_reduce,4,4
992,7.132000000000001,7.173,7.146666666666667,7.135,0.018660713336371124,0,4,66977792,all_reduce,4,4
993,7.140000000000001,7.183,7.162333333333334,7.164000000000001,0.017594190960528576,0,4,67108864,all_reduce,4,4
