,time_stats.send_recv.min,time_stats.send_recv.max,time_stats.send_recv.mean,time_stats.send_recv.median,time_stats.send_recv.std,rank,num_workers,size,collective,devices_per_node,max_devices_per_node
0,0.005,0.005,0.005,0.005,0.0,0,2,2048,send_recv,2,4
1,0.006,0.006,0.006000000000000001,0.006,8.673617379884035e-19,0,2,10240,send_recv,2,4
2,0.01,0.01,0.01,0.01,0.0,0,2,18432,send_recv,2,4
3,0.01,0.01,0.01,0.01,0.0,0,2,26624,send_recv,2,4
4,0.01,0.01,0.01,0.01,0.0,0,2,34816,send_recv,2,4
5,0.01,0.011,0.010666666666666666,0.011,0.00047140452079103126,0,2,43008,send_recv,2,4
6,0.011,0.011,0.011000000000000001,0.011,1.734723475976807e-18,0,2,51200,send_recv,2,4
7,0.011,0.011,0.011000000000000001,0.011,1.734723475976807e-18,0,2,59392,send_recv,2,4
8,0.011,0.011,0.011000000000000001,0.011,1.734723475976807e-18,0,2,67584,send_recv,2,4
9,0.011,0.012,0.011333333333333334,0.011,0.00047140452079103207,0,2,75776,send_recv,2,4
10,0.012,0.012,0.012000000000000002,0.012,1.734723475976807e-18,0,2,83968,send_recv,2,4
11,0.012,0.012,0.012000000000000002,0.012,1.734723475976807e-18,0,2,92160,send_recv,2,4
12,0.012,0.013000000000000001,0.012333333333333335,0.012,0.00047140452079103207,0,2,100352,send_recv,2,4
13,0.013000000000000001,0.013000000000000001,0.013000000000000003,0.013000000000000001,1.734723475976807e-18,0,2,108544,send_recv,2,4
14,0.013000000000000001,0.013000000000000001,0.013000000000000003,0.013000000000000001,1.734723475976807e-18,0,2,116736,send_recv,2,4
15,0.013000000000000001,0.013000000000000001,0.013000000000000003,0.013000000000000001,1.734723475976807e-18,0,2,124928,send_recv,2,4
16,0.016,0.016,0.016,0.016,0.0,0,2,133120,send_recv,2,4
17,0.016,0.016,0.016,0.016,0.0,0,2,141312,send_recv,2,4
18,0.016,0.016,0.016,0.016,0.0,0,2,149504,send_recv,2,4
19,0.017,0.017,0.017,0.017,0.0,0,2,157696,send_recv,2,4
20,0.017,0.017,0.017,0.017,0.0,0,2,165888,send_recv,2,4
21,0.017,0.017,0.017,0.017,0.0,0,2,174080,send_recv,2,4
22,0.017,0.017,0.017,0.017,0.0,0,2,182272,send_recv,2,4
23,0.018000000000000002,0.018000000000000002,0.018000000000000002,0.018000000000000002,0.0,0,2,190464,send_recv,2,4
24,0.018000000000000002,0.018000000000000002,0.018000000000000002,0.018000000000000002,0.0,0,2,198656,send_recv,2,4
25,0.018000000000000002,0.018000000000000002,0.018000000000000002,0.018000000000000002,0.0,0,2,206848,send_recv,2,4
26,0.018000000000000002,0.018000000000000002,0.018000000000000002,0.018000000000000002,0.0,0,2,215040,send_recv,2,4
27,0.018000000000000002,0.019,0.018333333333333337,0.018000000000000002,0.00047140452079103045,0,2,223232,send_recv,2,4
28,0.019,0.019,0.019,0.019,0.0,0,2,231424,send_recv,2,4
29,0.019,0.019,0.019,0.019,0.0,0,2,239616,send_recv,2,4
30,0.019,0.02,0.01933333333333333,0.019,0.00047140452079103207,0,2,247808,send_recv,2,4
31,0.02,0.02,0.02,0.02,0.0,0,2,256000,send_recv,2,4
32,0.022,0.022,0.022000000000000002,0.022,3.469446951953614e-18,0,2,264192,send_recv,2,4
33,0.022,0.023,0.022333333333333334,0.022,0.00047140452079103207,0,2,272384,send_recv,2,4
34,0.023,0.023,0.023000000000000003,0.023,3.469446951953614e-18,0,2,280576,send_recv,2,4
35,0.023,0.023,0.023000000000000003,0.023,3.469446951953614e-18,0,2,288768,send_recv,2,4
36,0.023,0.023,0.023000000000000003,0.023,3.469446951953614e-18,0,2,296960,send_recv,2,4
37,0.023,0.024,0.023333333333333334,0.023,0.00047140452079103207,0,2,305152,send_recv,2,4
38,0.023,0.024,0.02366666666666667,0.024,0.00047140452079103207,0,2,313344,send_recv,2,4
39,0.024,0.024,0.024000000000000004,0.024,3.469446951953614e-18,0,2,321536,send_recv,2,4
40,0.024,0.024,0.024000000000000004,0.024,3.469446951953614e-18,0,2,329728,send_recv,2,4
41,0.024,0.024,0.024000000000000004,0.024,3.469446951953614e-18,0,2,337920,send_recv,2,4
42,0.024,0.025,0.02466666666666667,0.025,0.00047140452079103207,0,2,346112,send_recv,2,4
43,0.025,0.025,0.025000000000000005,0.025,3.469446951953614e-18,0,2,354304,send_recv,2,4
44,0.025,0.025,0.025000000000000005,0.025,3.469446951953614e-18,0,2,362496,send_recv,2,4
45,0.025,0.026000000000000002,0.02566666666666667,0.026000000000000002,0.00047140452079103207,0,2,370688,send_recv,2,4
46,0.026000000000000002,0.026000000000000002,0.026000000000000006,0.026000000000000002,3.469446951953614e-18,0,2,378880,send_recv,2,4
47,0.026000000000000002,0.026000000000000002,0.026000000000000006,0.026000000000000002,3.469446951953614e-18,0,2,387072,send_recv,2,4
48,0.029,0.029,0.029,0.029,0.0,0,2,395264,send_recv,2,4
49,0.029,0.029,0.029,0.029,0.0,0,2,403456,send_recv,2,4
50,0.029,0.029,0.029,0.029,0.0,0,2,411648,send_recv,2,4
51,0.03,0.03,0.03,0.03,0.0,0,2,419840,send_recv,2,4
52,0.03,0.03,0.03,0.03,0.0,0,2,428032,send_recv,2,4
53,0.03,0.03,0.03,0.03,0.0,0,2,436224,send_recv,2,4
54,0.03,0.03,0.03,0.03,0.0,0,2,444416,send_recv,2,4
55,0.03,0.03,0.03,0.03,0.0,0,2,452608,send_recv,2,4
56,0.031,0.031,0.031,0.031,0.0,0,2,460800,send_recv,2,4
57,0.031,0.031,0.031,0.031,0.0,0,2,468992,send_recv,2,4
58,0.031,0.031,0.031,0.031,0.0,0,2,477184,send_recv,2,4
59,0.031,0.032,0.03133333333333333,0.031,0.00047140452079103207,0,2,485376,send_recv,2,4
60,0.031,0.032,0.03166666666666667,0.032,0.00047140452079103207,0,2,493568,send_recv,2,4
61,0.032,0.032,0.032,0.032,0.0,0,2,501760,send_recv,2,4
62,0.032,0.032,0.032,0.032,0.0,0,2,509952,send_recv,2,4
63,0.033,0.033,0.033,0.033,0.0,0,2,518144,send_recv,2,4
64,0.035,0.035,0.035,0.035,0.0,0,2,526336,send_recv,2,4
65,0.036000000000000004,0.036000000000000004,0.036000000000000004,0.036000000000000004,0.0,0,2,534528,send_recv,2,4
66,0.036000000000000004,0.036000000000000004,0.036000000000000004,0.036000000000000004,0.0,0,2,542720,send_recv,2,4
67,0.036000000000000004,0.036000000000000004,0.036000000000000004,0.036000000000000004,0.0,0,2,550912,send_recv,2,4
68,0.036000000000000004,0.036000000000000004,0.036000000000000004,0.036000000000000004,0.0,0,2,559104,send_recv,2,4
69,0.036000000000000004,0.037,0.036333333333333336,0.036000000000000004,0.0004714045207910288,0,2,567296,send_recv,2,4
70,0.036000000000000004,0.037,0.036333333333333336,0.036000000000000004,0.0004714045207910288,0,2,575488,send_recv,2,4
71,0.037,0.038,0.03733333333333333,0.037,0.00047140452079103207,0,2,583680,send_recv,2,4
72,0.037,0.038,0.03733333333333333,0.037,0.00047140452079103207,0,2,591872,send_recv,2,4
73,0.037,0.037,0.037,0.037,0.0,0,2,600064,send_recv,2,4
74,0.037,0.037,0.037,0.037,0.0,0,2,608256,send_recv,2,4
75,0.038,0.038,0.038,0.038,0.0,0,2,616448,send_recv,2,4
76,0.038,0.05,0.042,0.038,0.005656854249492382,0,2,624640,send_recv,2,4
77,0.039,0.039,0.039,0.039,0.0,0,2,632832,send_recv,2,4
78,0.039,0.039,0.039,0.039,0.0,0,2,641024,send_recv,2,4
79,0.039,0.039,0.039,0.039,0.0,0,2,649216,send_recv,2,4
80,0.042,0.042,0.042,0.042,0.0,0,2,657408,send_recv,2,4
81,0.042,0.043000000000000003,0.042333333333333334,0.042,0.00047140452079103207,0,2,665600,send_recv,2,4
82,0.042,0.043000000000000003,0.042666666666666665,0.043000000000000003,0.00047140452079103207,0,2,673792,send_recv,2,4
83,0.043000000000000003,0.044,0.043666666666666666,0.044,0.0004714045207910288,0,2,681984,send_recv,2,4
84,0.043000000000000003,0.053,0.04633333333333334,0.043000000000000003,0.004714045207910314,0,2,690176,send_recv,2,4
85,0.043000000000000003,0.044,0.043666666666666666,0.044,0.0004714045207910288,0,2,698368,send_recv,2,4
86,0.043000000000000003,0.044,0.043666666666666666,0.044,0.0004714045207910288,0,2,706560,send_recv,2,4
87,0.044,0.047,0.04566666666666667,0.046,0.0012472191289246482,0,2,714752,send_recv,2,4
88,0.044,0.044,0.044000000000000004,0.044,6.938893903907228e-18,0,2,722944,send_recv,2,4
89,0.044,0.055,0.04766666666666667,0.044,0.00518544972870135,0,2,731136,send_recv,2,4
90,0.044,0.045,0.04466666666666667,0.045,0.00047140452079103207,0,2,739328,send_recv,2,4
91,0.045,0.047,0.046000000000000006,0.046,0.0008164965809277268,0,2,747520,send_recv,2,4
92,0.045,0.048,0.046000000000000006,0.045,0.0014142135623730961,0,2,755712,send_recv,2,4
93,0.046,0.046,0.046000000000000006,0.046,6.938893903907228e-18,0,2,763904,send_recv,2,4
94,0.046,0.047,0.04633333333333334,0.046,0.00047140452079103207,0,2,772096,send_recv,2,4
95,0.046,0.047,0.04666666666666667,0.047,0.00047140452079103207,0,2,780288,send_recv,2,4
96,0.051000000000000004,0.06,0.05466666666666667,0.053,0.0038586123009300734,0,2,788480,send_recv,2,4
97,0.051000000000000004,0.054,0.05266666666666667,0.053,0.0012472191289246452,0,2,796672,send_recv,2,4
98,0.052000000000000005,0.06,0.05499999999999999,0.053,0.0035590260840104347,0,2,804864,send_recv,2,4
99,0.054,0.055,0.05466666666666667,0.055,0.00047140452079103207,0,2,813056,send_recv,2,4
100,0.051000000000000004,0.055,0.053,0.053,0.0016329931618554508,0,2,821248,send_recv,2,4
101,0.051000000000000004,0.056,0.05366666666666667,0.054,0.0020548046676563242,0,2,829440,send_recv,2,4
102,0.052000000000000005,0.053,0.05233333333333334,0.052000000000000005,0.0004714045207910288,0,2,837632,send_recv,2,4
103,0.052000000000000005,0.056,0.05466666666666667,0.056,0.001885618083164125,0,2,845824,send_recv,2,4
104,0.052000000000000005,0.056,0.05433333333333334,0.055,0.0016996731711975933,0,2,854016,send_recv,2,4
105,0.055,0.056,0.05566666666666667,0.056,0.00047140452079103207,0,2,862208,send_recv,2,4
106,0.056,0.058,0.05666666666666667,0.056,0.0009428090415820641,0,2,870400,send_recv,2,4
107,0.054,0.058,0.05666666666666667,0.058,0.0018856180831641283,0,2,878592,send_recv,2,4
108,0.053,0.063,0.056999999999999995,0.055,0.004320493798938574,0,2,886784,send_recv,2,4
109,0.053,0.06,0.056666666666666664,0.057,0.0028674417556808756,0,2,894976,send_recv,2,4
110,0.055,0.064,0.059,0.058,0.0037416573867739417,0,2,903168,send_recv,2,4
111,0.054,0.059000000000000004,0.057,0.058,0.0021602468994692888,0,2,911360,send_recv,2,4
112,0.064,0.068,0.066,0.066,0.0016329931618554536,0,2,919552,send_recv,2,4
113,0.066,0.068,0.067,0.067,0.0008164965809277268,0,2,927744,send_recv,2,4
114,0.067,0.067,0.067,0.067,0.0,0,2,935936,send_recv,2,4
115,0.063,0.068,0.066,0.067,0.0021602468994692888,0,2,944128,send_recv,2,4
116,0.066,0.068,0.067,0.067,0.0008164965809277268,0,2,952320,send_recv,2,4
117,0.066,0.068,0.06733333333333334,0.068,0.0009428090415820641,0,2,960512,send_recv,2,4
118,0.068,0.069,0.06866666666666667,0.069,0.00047140452079103207,0,2,968704,send_recv,2,4
119,0.07100000000000001,0.07200000000000001,0.07133333333333335,0.07100000000000001,0.00047140452079103207,0,2,976896,send_recv,2,4
120,0.07,0.07100000000000001,0.07066666666666667,0.07100000000000001,0.00047140452079103207,0,2,985088,send_recv,2,4
121,0.07,0.07200000000000001,0.07066666666666667,0.07,0.0009428090415820641,0,2,993280,send_recv,2,4
122,0.07100000000000001,0.07200000000000001,0.07133333333333335,0.07100000000000001,0.00047140452079103207,0,2,1001472,send_recv,2,4
123,0.07200000000000001,0.073,0.07233333333333335,0.07200000000000001,0.00047140452079102557,0,2,1009664,send_recv,2,4
124,0.065,0.07200000000000001,0.06933333333333334,0.07100000000000001,0.0030912061651652374,0,2,1017856,send_recv,2,4
125,0.07200000000000001,0.073,0.07266666666666667,0.073,0.00047140452079102557,0,2,1026048,send_recv,2,4
126,0.07100000000000001,0.073,0.07233333333333333,0.073,0.0009428090415820576,0,2,1034240,send_recv,2,4
127,0.074,0.075,0.07433333333333332,0.074,0.00047140452079103207,0,2,1042432,send_recv,2,4
128,0.068,0.073,0.07133333333333333,0.073,0.002357022603955154,0,2,1048576,send_recv,2,4
129,0.078,0.079,0.07833333333333332,0.078,0.00047140452079103207,0,2,1081344,send_recv,2,4
130,0.079,0.08,0.07933333333333333,0.079,0.00047140452079103207,0,2,1114112,send_recv,2,4
131,0.08,0.081,0.08066666666666666,0.081,0.00047140452079103207,0,2,1146880,send_recv,2,4
132,0.082,0.082,0.082,0.082,0.0,0,2,1179648,send_recv,2,4
133,0.08700000000000001,0.08700000000000001,0.08700000000000001,0.08700000000000001,0.0,0,2,1212416,send_recv,2,4
134,0.088,0.089,0.08866666666666667,0.089,0.00047140452079103207,0,2,1245184,send_recv,2,4
135,0.089,0.09,0.08933333333333333,0.089,0.00047140452079103207,0,2,1277952,send_recv,2,4
136,0.09,0.091,0.09066666666666667,0.091,0.00047140452079103207,0,2,1310720,send_recv,2,4
137,0.095,0.095,0.09500000000000001,0.095,1.3877787807814457e-17,0,2,1343488,send_recv,2,4
138,0.097,0.097,0.09700000000000002,0.097,1.3877787807814457e-17,0,2,1376256,send_recv,2,4
139,0.098,0.098,0.09800000000000002,0.098,1.3877787807814457e-17,0,2,1409024,send_recv,2,4
140,0.099,0.099,0.09900000000000002,0.099,1.3877787807814457e-17,0,2,1441792,send_recv,2,4
141,0.10300000000000001,0.10400000000000001,0.10366666666666668,0.10400000000000001,0.00047140452079103207,0,2,1474560,send_recv,2,4
142,0.105,0.106,0.10566666666666667,0.106,0.00047140452079103207,0,2,1507328,send_recv,2,4
143,0.106,0.107,0.10666666666666667,0.107,0.00047140452079103207,0,2,1540096,send_recv,2,4
144,0.107,0.108,0.10766666666666667,0.108,0.00047140452079103207,0,2,1572864,send_recv,2,4
145,0.112,0.113,0.11233333333333334,0.112,0.00047140452079103207,0,2,1605632,send_recv,2,4
146,0.114,0.114,0.114,0.114,0.0,0,2,1638400,send_recv,2,4
147,0.115,0.115,0.115,0.115,0.0,0,2,1671168,send_recv,2,4
148,0.116,0.117,0.11666666666666668,0.117,0.00047140452079103207,0,2,1703936,send_recv,2,4
149,0.121,0.121,0.121,0.121,0.0,0,2,1736704,send_recv,2,4
150,0.123,0.123,0.123,0.123,0.0,0,2,1769472,send_recv,2,4
151,0.124,0.124,0.124,0.124,0.0,0,2,1802240,send_recv,2,4
152,0.125,0.126,0.12533333333333332,0.125,0.00047140452079103207,0,2,1835008,send_recv,2,4
153,0.13,0.131,0.13033333333333333,0.13,0.00047140452079103207,0,2,1867776,send_recv,2,4
154,0.132,0.132,0.132,0.132,0.0,0,2,1900544,send_recv,2,4
155,0.133,0.134,0.13333333333333333,0.133,0.00047140452079103207,0,2,1933312,send_recv,2,4
156,0.134,0.135,0.13433333333333333,0.134,0.00047140452079103207,0,2,1966080,send_recv,2,4
157,0.138,0.139,0.1386666666666667,0.139,0.00047140452079103207,0,2,1998848,send_recv,2,4
158,0.14,0.14100000000000001,0.14033333333333334,0.14,0.00047140452079103207,0,2,2031616,send_recv,2,4
159,0.14100000000000001,0.14200000000000002,0.1416666666666667,0.14200000000000002,0.00047140452079103207,0,2,2064384,send_recv,2,4
160,0.14300000000000002,0.14300000000000002,0.14300000000000002,0.14300000000000002,0.0,0,2,2097152,send_recv,2,4
161,0.147,0.148,0.14766666666666664,0.148,0.00047140452079103207,0,2,2129920,send_recv,2,4
162,0.149,0.15,0.14933333333333332,0.149,0.00047140452079103207,0,2,2162688,send_recv,2,4
163,0.15,0.15,0.15,0.15,0.0,0,2,2195456,send_recv,2,4
164,0.151,0.152,0.15166666666666664,0.152,0.00047140452079103207,0,2,2228224,send_recv,2,4
165,0.156,0.156,0.156,0.156,0.0,0,2,2260992,send_recv,2,4
166,0.157,0.157,0.157,0.157,0.0,0,2,2293760,send_recv,2,4
167,0.158,0.159,0.15866666666666665,0.159,0.00047140452079103207,0,2,2326528,send_recv,2,4
168,0.16,0.16,0.16,0.16,0.0,0,2,2359296,send_recv,2,4
169,0.164,0.165,0.16433333333333333,0.164,0.00047140452079103207,0,2,2392064,send_recv,2,4
170,0.166,0.166,0.166,0.166,0.0,0,2,2424832,send_recv,2,4
171,0.167,0.168,0.16733333333333333,0.167,0.00047140452079103207,0,2,2457600,send_recv,2,4
172,0.168,0.169,0.16833333333333333,0.168,0.00047140452079103207,0,2,2490368,send_recv,2,4
173,0.17300000000000001,0.17400000000000002,0.17333333333333334,0.17300000000000001,0.00047140452079103207,0,2,2523136,send_recv,2,4
174,0.17500000000000002,0.17500000000000002,0.17500000000000002,0.17500000000000002,0.0,0,2,2555904,send_recv,2,4
175,0.176,0.176,0.17600000000000002,0.176,2.7755575615628914e-17,0,2,2588672,send_recv,2,4
176,0.177,0.178,0.17733333333333334,0.177,0.00047140452079103207,0,2,2621440,send_recv,2,4
177,0.181,0.182,0.18166666666666664,0.182,0.00047140452079103207,0,2,2654208,send_recv,2,4
178,0.182,0.183,0.18266666666666667,0.183,0.00047140452079103207,0,2,2686976,send_recv,2,4
179,0.184,0.184,0.18400000000000002,0.184,2.7755575615628914e-17,0,2,2719744,send_recv,2,4
180,0.185,0.186,0.18566666666666665,0.186,0.00047140452079103207,0,2,2752512,send_recv,2,4
181,0.19,0.191,0.19066666666666668,0.191,0.00047140452079103207,0,2,2785280,send_recv,2,4
182,0.192,0.192,0.19200000000000003,0.192,2.7755575615628914e-17,0,2,2818048,send_recv,2,4
183,0.193,0.195,0.19366666666666665,0.193,0.0009428090415820641,0,2,2850816,send_recv,2,4
184,0.195,0.195,0.19499999999999998,0.195,2.7755575615628914e-17,0,2,2883584,send_recv,2,4
185,0.199,0.2,0.19966666666666666,0.2,0.00047140452079103207,0,2,2916352,send_recv,2,4
186,0.2,0.201,0.2006666666666667,0.201,0.00047140452079103207,0,2,2949120,send_recv,2,4
187,0.202,0.203,0.20233333333333334,0.202,0.00047140452079103207,0,2,2981888,send_recv,2,4
188,0.203,0.203,0.20299999999999999,0.203,2.7755575615628914e-17,0,2,3014656,send_recv,2,4
189,0.20700000000000002,0.20800000000000002,0.20766666666666667,0.20800000000000002,0.00047140452079103207,0,2,3047424,send_recv,2,4
190,0.20800000000000002,0.209,0.20866666666666667,0.209,0.000471404520791019,0,2,3080192,send_recv,2,4
191,0.21,0.21,0.21,0.21,0.0,0,2,3112960,send_recv,2,4
192,0.212,0.212,0.212,0.212,0.0,0,2,3145728,send_recv,2,4
193,0.216,0.217,0.21633333333333335,0.216,0.00047140452079103207,0,2,3178496,send_recv,2,4
194,0.217,0.218,0.21766666666666667,0.218,0.00047140452079103207,0,2,3211264,send_recv,2,4
195,0.219,0.22,0.21933333333333335,0.219,0.00047140452079103207,0,2,3244032,send_recv,2,4
196,0.22,0.22,0.22,0.22,0.0,0,2,3276800,send_recv,2,4
197,0.225,0.226,0.22533333333333336,0.225,0.00047140452079103207,0,2,3309568,send_recv,2,4
198,0.226,0.226,0.226,0.226,0.0,0,2,3342336,send_recv,2,4
199,0.227,0.228,0.22766666666666668,0.228,0.00047140452079103207,0,2,3375104,send_recv,2,4
200,0.228,0.229,0.22866666666666668,0.229,0.00047140452079103207,0,2,3407872,send_recv,2,4
201,0.232,0.234,0.233,0.233,0.0008164965809277268,0,2,3440640,send_recv,2,4
202,0.234,0.23500000000000001,0.23433333333333337,0.234,0.00047140452079103207,0,2,3473408,send_recv,2,4
203,0.23500000000000001,0.23600000000000002,0.23533333333333337,0.23500000000000001,0.00047140452079103207,0,2,3506176,send_recv,2,4
204,0.23600000000000002,0.23600000000000002,0.23600000000000002,0.23600000000000002,0.0,0,2,3538944,send_recv,2,4
205,0.24,0.241,0.24066666666666667,0.241,0.00047140452079103207,0,2,3571712,send_recv,2,4
206,0.242,0.243,0.24233333333333332,0.242,0.00047140452079103207,0,2,3604480,send_recv,2,4
207,0.243,0.243,0.243,0.243,0.0,0,2,3637248,send_recv,2,4
208,0.243,0.244,0.24366666666666667,0.244,0.00047140452079103207,0,2,3670016,send_recv,2,4
209,0.249,0.25,0.24933333333333332,0.249,0.00047140452079103207,0,2,3702784,send_recv,2,4
210,0.25,0.251,0.25066666666666665,0.251,0.00047140452079103207,0,2,3735552,send_recv,2,4
211,0.251,0.253,0.252,0.252,0.0008164965809277268,0,2,3768320,send_recv,2,4
212,0.253,0.254,0.25333333333333335,0.253,0.00047140452079103207,0,2,3801088,send_recv,2,4
213,0.258,0.258,0.258,0.258,0.0,0,2,3833856,send_recv,2,4
214,0.257,0.259,0.25833333333333336,0.259,0.0009428090415820641,0,2,3866624,send_recv,2,4
215,0.259,0.261,0.26,0.26,0.0008164965809277268,0,2,3899392,send_recv,2,4
216,0.262,0.262,0.262,0.262,0.0,0,2,3932160,send_recv,2,4
217,0.265,0.267,0.266,0.266,0.0008164965809277268,0,2,3964928,send_recv,2,4
218,0.267,0.268,0.26766666666666666,0.268,0.00047140452079103207,0,2,3997696,send_recv,2,4
219,0.269,0.27,0.26966666666666667,0.27,0.00047140452079103207,0,2,4030464,send_recv,2,4
220,0.271,0.272,0.27133333333333337,0.271,0.00047140452079103207,0,2,4063232,send_recv,2,4
221,0.275,0.275,0.275,0.275,0.0,0,2,4096000,send_recv,2,4
222,0.276,0.277,0.27666666666666667,0.277,0.00047140452079103207,0,2,4128768,send_recv,2,4
223,0.278,0.279,0.2786666666666667,0.279,0.00047140452079103207,0,2,4161536,send_recv,2,4
224,0.279,0.279,0.279,0.279,0.0,0,2,4194304,send_recv,2,4
225,0.224,0.225,0.22466666666666668,0.225,0.00047140452079103207,0,2,4227072,send_recv,2,4
226,0.224,0.226,0.225,0.225,0.0008164965809277268,0,2,4259840,send_recv,2,4
227,0.227,0.227,0.227,0.227,0.0,0,2,4292608,send_recv,2,4
228,0.227,0.228,0.22733333333333336,0.227,0.00047140452079103207,0,2,4325376,send_recv,2,4
229,0.229,0.229,0.229,0.229,0.0,0,2,4358144,send_recv,2,4
230,0.23,0.23,0.23,0.23,0.0,0,2,4390912,send_recv,2,4
231,0.232,0.232,0.232,0.232,0.0,0,2,4423680,send_recv,2,4
232,0.233,0.234,0.23333333333333336,0.233,0.00047140452079103207,0,2,4456448,send_recv,2,4
233,0.23600000000000002,0.23700000000000002,0.2366666666666667,0.23700000000000002,0.00047140452079103207,0,2,4489216,send_recv,2,4
234,0.23800000000000002,0.23900000000000002,0.23833333333333337,0.23800000000000002,0.00047140452079103207,0,2,4521984,send_recv,2,4
235,0.23900000000000002,0.24,0.23933333333333331,0.23900000000000002,0.000471404520791019,0,2,4554752,send_recv,2,4
236,0.242,0.242,0.242,0.242,0.0,0,2,4587520,send_recv,2,4
237,0.242,0.243,0.24233333333333332,0.242,0.00047140452079103207,0,2,4620288,send_recv,2,4
238,0.243,0.244,0.24333333333333332,0.243,0.00047140452079103207,0,2,4653056,send_recv,2,4
239,0.245,0.245,0.245,0.245,0.0,0,2,4685824,send_recv,2,4
240,0.246,0.247,0.24633333333333332,0.246,0.00047140452079103207,0,2,4718592,send_recv,2,4
241,0.251,0.252,0.25133333333333335,0.251,0.00047140452079103207,0,2,4751360,send_recv,2,4
242,0.251,0.253,0.252,0.252,0.0008164965809277268,0,2,4784128,send_recv,2,4
243,0.25,0.253,0.25166666666666665,0.252,0.0012472191289246482,0,2,4816896,send_recv,2,4
244,0.253,0.254,0.25366666666666665,0.254,0.00047140452079103207,0,2,4849664,send_recv,2,4
245,0.254,0.255,0.25466666666666665,0.255,0.00047140452079103207,0,2,4882432,send_recv,2,4
246,0.257,0.258,0.25733333333333336,0.257,0.00047140452079103207,0,2,4915200,send_recv,2,4
247,0.258,0.259,0.25833333333333336,0.258,0.00047140452079103207,0,2,4947968,send_recv,2,4
248,0.259,0.26,0.25966666666666666,0.26,0.00047140452079103207,0,2,4980736,send_recv,2,4
249,0.264,0.265,0.26433333333333336,0.264,0.00047140452079103207,0,2,5013504,send_recv,2,4
250,0.263,0.265,0.26433333333333336,0.265,0.0009428090415820641,0,2,5046272,send_recv,2,4
251,0.266,0.267,0.26666666666666666,0.267,0.00047140452079103207,0,2,5079040,send_recv,2,4
252,0.267,0.268,0.26733333333333337,0.267,0.00047140452079103207,0,2,5111808,send_recv,2,4
253,0.269,0.27,0.26933333333333337,0.269,0.00047140452079103207,0,2,5144576,send_recv,2,4
254,0.27,0.271,0.27033333333333337,0.27,0.00047140452079103207,0,2,5177344,send_recv,2,4
255,0.271,0.272,0.27166666666666667,0.272,0.00047140452079103207,0,2,5210112,send_recv,2,4
256,0.272,0.272,0.272,0.272,0.0,0,2,5242880,send_recv,2,4
257,0.278,0.278,0.278,0.278,0.0,0,2,5275648,send_recv,2,4
258,0.278,0.279,0.2783333333333334,0.278,0.00047140452079103207,0,2,5308416,send_recv,2,4
259,0.279,0.28,0.2793333333333334,0.279,0.00047140452079103207,0,2,5341184,send_recv,2,4
260,0.28,0.281,0.2806666666666667,0.281,0.00047140452079103207,0,2,5373952,send_recv,2,4
261,0.28200000000000003,0.28400000000000003,0.28300000000000003,0.28300000000000003,0.0008164965809277268,0,2,5406720,send_recv,2,4
262,0.281,0.28400000000000003,0.2826666666666667,0.28300000000000003,0.0012472191289246482,0,2,5439488,send_recv,2,4
263,0.28300000000000003,0.28400000000000003,0.2833333333333334,0.28300000000000003,0.00047140452079103207,0,2,5472256,send_recv,2,4
264,0.28500000000000003,0.28700000000000003,0.28600000000000003,0.28600000000000003,0.0008164965809277268,0,2,5505024,send_recv,2,4
265,0.291,0.292,0.2913333333333333,0.291,0.00047140452079103207,0,2,5537792,send_recv,2,4
266,0.29,0.292,0.2913333333333333,0.292,0.0009428090415820641,0,2,5570560,send_recv,2,4
267,0.295,0.296,0.2953333333333333,0.295,0.00047140452079103207,0,2,5603328,send_recv,2,4
268,0.295,0.297,0.296,0.296,0.0008164965809277268,0,2,5636096,send_recv,2,4
269,0.296,0.298,0.2973333333333333,0.298,0.0009428090415820641,0,2,5668864,send_recv,2,4
270,0.297,0.298,0.2973333333333333,0.297,0.00047140452079103207,0,2,5701632,send_recv,2,4
271,0.298,0.3,0.299,0.299,0.0008164965809277268,0,2,5734400,send_recv,2,4
272,0.3,0.301,0.30033333333333334,0.3,0.00047140452079103207,0,2,5767168,send_recv,2,4
273,0.305,0.306,0.3053333333333333,0.305,0.00047140452079103207,0,2,5799936,send_recv,2,4
274,0.305,0.306,0.3056666666666667,0.306,0.00047140452079103207,0,2,5832704,send_recv,2,4
275,0.307,0.309,0.3076666666666667,0.307,0.0009428090415820641,0,2,5865472,send_recv,2,4
276,0.31,0.311,0.31066666666666665,0.311,0.00047140452079103207,0,2,5898240,send_recv,2,4
277,0.309,0.312,0.31066666666666665,0.311,0.0012472191289246482,0,2,5931008,send_recv,2,4
278,0.311,0.312,0.3116666666666667,0.312,0.00047140452079103207,0,2,5963776,send_recv,2,4
279,0.313,0.314,0.3133333333333333,0.313,0.00047140452079103207,0,2,5996544,send_recv,2,4
280,0.314,0.315,0.31433333333333335,0.314,0.00047140452079103207,0,2,6029312,send_recv,2,4
281,0.319,0.32,0.3193333333333333,0.319,0.00047140452079103207,0,2,6062080,send_recv,2,4
282,0.32,0.321,0.32066666666666666,0.321,0.00047140452079103207,0,2,6094848,send_recv,2,4
283,0.321,0.322,0.3216666666666667,0.322,0.00047140452079103207,0,2,6127616,send_recv,2,4
284,0.322,0.323,0.32266666666666666,0.323,0.00047140452079103207,0,2,6160384,send_recv,2,4
285,0.324,0.325,0.32466666666666666,0.325,0.00047140452079103207,0,2,6193152,send_recv,2,4
286,0.326,0.327,0.32633333333333336,0.326,0.00047140452079103207,0,2,6225920,send_recv,2,4
287,0.326,0.327,0.32666666666666666,0.327,0.00047140452079103207,0,2,6258688,send_recv,2,4
288,0.328,0.328,0.328,0.328,0.0,0,2,6291456,send_recv,2,4
289,0.33,0.333,0.332,0.333,0.0014142135623730965,0,2,6324224,send_recv,2,4
290,0.333,0.334,0.3336666666666667,0.334,0.00047140452079103207,0,2,6356992,send_recv,2,4
291,0.334,0.335,0.33433333333333337,0.334,0.00047140452079103207,0,2,6389760,send_recv,2,4
292,0.337,0.337,0.337,0.337,0.0,0,2,6422528,send_recv,2,4
293,0.337,0.338,0.3373333333333333,0.337,0.00047140452079103207,0,2,6455296,send_recv,2,4
294,0.337,0.339,0.3383333333333334,0.339,0.0009428090415820641,0,2,6488064,send_recv,2,4
295,0.339,0.34,0.3393333333333333,0.339,0.00047140452079103207,0,2,6520832,send_recv,2,4
296,0.34,0.34,0.34,0.34,0.0,0,2,6553600,send_recv,2,4
297,0.34400000000000003,0.34600000000000003,0.3446666666666667,0.34400000000000003,0.0009428090415820641,0,2,6586368,send_recv,2,4
298,0.34600000000000003,0.34600000000000003,0.34600000000000003,0.34600000000000003,0.0,0,2,6619136,send_recv,2,4
299,0.34600000000000003,0.34700000000000003,0.3466666666666667,0.34700000000000003,0.00047140452079103207,0,2,6651904,send_recv,2,4
300,0.34800000000000003,0.34900000000000003,0.3486666666666667,0.34900000000000003,0.00047140452079103207,0,2,6684672,send_recv,2,4
301,0.34800000000000003,0.35000000000000003,0.34933333333333333,0.35000000000000003,0.0009428090415820641,0,2,6717440,send_recv,2,4
302,0.35000000000000003,0.352,0.351,0.35100000000000003,0.0008164965809277042,0,2,6750208,send_recv,2,4
303,0.35100000000000003,0.353,0.35200000000000004,0.352,0.0008164965809277042,0,2,6782976,send_recv,2,4
304,0.353,0.354,0.35333333333333333,0.353,0.00047140452079103207,0,2,6815744,send_recv,2,4
305,0.356,0.359,0.35766666666666663,0.358,0.0012472191289246482,0,2,6848512,send_recv,2,4
306,0.358,0.36,0.3593333333333333,0.36,0.0009428090415820641,0,2,6881280,send_recv,2,4
307,0.359,0.361,0.36000000000000004,0.36,0.0008164965809277268,0,2,6914048,send_recv,2,4
308,0.362,0.363,0.36233333333333334,0.362,0.00047140452079103207,0,2,6946816,send_recv,2,4
309,0.362,0.366,0.36400000000000005,0.364,0.0016329931618554536,0,2,6979584,send_recv,2,4
310,0.366,0.366,0.36599999999999994,0.366,5.551115123125783e-17,0,2,7012352,send_recv,2,4
311,0.366,0.366,0.36599999999999994,0.366,5.551115123125783e-17,0,2,7045120,send_recv,2,4
312,0.367,0.368,0.36766666666666664,0.368,0.00047140452079103207,0,2,7077888,send_recv,2,4
313,0.371,0.372,0.37166666666666665,0.372,0.00047140452079103207,0,2,7110656,send_recv,2,4
314,0.373,0.374,0.37333333333333335,0.373,0.00047140452079103207,0,2,7143424,send_recv,2,4
315,0.373,0.375,0.37399999999999994,0.374,0.0008164965809277268,0,2,7176192,send_recv,2,4
316,0.375,0.377,0.37600000000000006,0.376,0.0008164965809277268,0,2,7208960,send_recv,2,4
317,0.377,0.378,0.37733333333333335,0.377,0.00047140452079103207,0,2,7241728,send_recv,2,4
318,0.376,0.379,0.377,0.376,0.0014142135623730963,0,2,7274496,send_recv,2,4
319,0.378,0.381,0.37966666666666665,0.38,0.0012472191289246482,0,2,7307264,send_recv,2,4
320,0.38,0.383,0.38133333333333336,0.381,0.0012472191289246482,0,2,7340032,send_recv,2,4
321,0.386,0.386,0.38599999999999995,0.386,5.551115123125783e-17,0,2,7372800,send_recv,2,4
322,0.387,0.39,0.38800000000000007,0.387,0.0014142135623730961,0,2,7405568,send_recv,2,4
323,0.385,0.386,0.38566666666666666,0.386,0.00047140452079103207,0,2,7438336,send_recv,2,4
324,0.389,0.391,0.38999999999999996,0.39,0.0008164965809277268,0,2,7471104,send_recv,2,4
325,0.389,0.393,0.391,0.391,0.0016329931618554536,0,2,7503872,send_recv,2,4
326,0.391,0.394,0.39233333333333337,0.392,0.0012472191289246482,0,2,7536640,send_recv,2,4
327,0.393,0.395,0.39366666666666666,0.393,0.0009428090415820641,0,2,7569408,send_recv,2,4
328,0.394,0.396,0.395,0.395,0.0008164965809277268,0,2,7602176,send_recv,2,4
329,0.398,0.399,0.3986666666666667,0.399,0.00047140452079103207,0,2,7634944,send_recv,2,4
330,0.399,0.401,0.4000000000000001,0.4,0.0008164965809277268,0,2,7667712,send_recv,2,4
331,0.399,0.401,0.4003333333333334,0.401,0.0009428090415820641,0,2,7700480,send_recv,2,4
332,0.402,0.405,0.4033333333333333,0.403,0.0012472191289246482,0,2,7733248,send_recv,2,4
333,0.403,0.405,0.4043333333333334,0.405,0.0009428090415820641,0,2,7766016,send_recv,2,4
334,0.404,0.406,0.405,0.405,0.0008164965809277268,0,2,7798784,send_recv,2,4
335,0.405,0.406,0.4056666666666667,0.406,0.00047140452079103207,0,2,7831552,send_recv,2,4
336,0.40800000000000003,0.40800000000000003,0.4080000000000001,0.40800000000000003,5.551115123125783e-17,0,2,7864320,send_recv,2,4
337,0.41200000000000003,0.41300000000000003,0.4123333333333334,0.41200000000000003,0.00047140452079103207,0,2,7897088,send_recv,2,4
338,0.41200000000000003,0.41400000000000003,0.41300000000000003,0.41300000000000003,0.0008164965809277268,0,2,7929856,send_recv,2,4
339,0.41300000000000003,0.41500000000000004,0.4143333333333334,0.41500000000000004,0.0009428090415820641,0,2,7962624,send_recv,2,4
340,0.41400000000000003,0.417,0.416,0.417,0.00141421356237307,0,2,7995392,send_recv,2,4
341,0.41400000000000003,0.419,0.4166666666666667,0.417,0.002054804667656303,0,2,8028160,send_recv,2,4
342,0.417,0.418,0.41766666666666663,0.418,0.00047140452079103207,0,2,8060928,send_recv,2,4
343,0.419,0.42,0.41966666666666663,0.42,0.00047140452079103207,0,2,8093696,send_recv,2,4
344,0.42,0.423,0.42133333333333334,0.421,0.0012472191289246482,0,2,8126464,send_recv,2,4
345,0.425,0.427,0.426,0.426,0.0008164965809277268,0,2,8159232,send_recv,2,4
346,0.427,0.427,0.427,0.427,0.0,0,2,8192000,send_recv,2,4
347,0.426,0.428,0.427,0.427,0.0008164965809277268,0,2,8224768,send_recv,2,4
348,0.429,0.43,0.42933333333333334,0.429,0.00047140452079103207,0,2,8257536,send_recv,2,4
349,0.43,0.431,0.4303333333333333,0.43,0.00047140452079103207,0,2,8290304,send_recv,2,4
350,0.432,0.433,0.4326666666666667,0.433,0.00047140452079103207,0,2,8323072,send_recv,2,4
351,0.433,0.434,0.43333333333333335,0.433,0.00047140452079103207,0,2,8355840,send_recv,2,4
352,0.434,0.436,0.43533333333333335,0.436,0.0009428090415820641,0,2,8388608,send_recv,2,4
353,0.437,0.441,0.439,0.439,0.0016329931618554536,0,2,8421376,send_recv,2,4
354,0.437,0.441,0.43966666666666665,0.441,0.0018856180831641283,0,2,8454144,send_recv,2,4
355,0.44,0.442,0.441,0.441,0.0008164965809277268,0,2,8486912,send_recv,2,4
356,0.441,0.444,0.4423333333333333,0.442,0.0012472191289246482,0,2,8519680,send_recv,2,4
357,0.444,0.445,0.4446666666666667,0.445,0.00047140452079103207,0,2,8552448,send_recv,2,4
358,0.444,0.446,0.445,0.445,0.0008164965809277268,0,2,8585216,send_recv,2,4
359,0.446,0.447,0.4463333333333333,0.446,0.00047140452079103207,0,2,8617984,send_recv,2,4
360,0.446,0.449,0.44766666666666666,0.448,0.0012472191289246482,0,2,8650752,send_recv,2,4
361,0.451,0.453,0.4523333333333333,0.453,0.0009428090415820641,0,2,8683520,send_recv,2,4
362,0.45,0.454,0.4523333333333333,0.453,0.0016996731711975963,0,2,8716288,send_recv,2,4
363,0.454,0.456,0.455,0.455,0.0008164965809277268,0,2,8749056,send_recv,2,4
364,0.456,0.457,0.4563333333333333,0.456,0.00047140452079103207,0,2,8781824,send_recv,2,4
365,0.459,0.46,0.45933333333333337,0.459,0.00047140452079103207,0,2,8814592,send_recv,2,4
366,0.46,0.46,0.46,0.46,0.0,0,2,8847360,send_recv,2,4
367,0.46,0.46,0.46,0.46,0.0,0,2,8880128,send_recv,2,4
368,0.46,0.464,0.46166666666666667,0.461,0.0016996731711975965,0,2,8912896,send_recv,2,4
369,0.467,0.468,0.4673333333333334,0.467,0.00047140452079103207,0,2,8945664,send_recv,2,4
370,0.466,0.467,0.4663333333333333,0.466,0.00047140452079103207,0,2,8978432,send_recv,2,4
371,0.467,0.46900000000000003,0.468,0.468,0.0008164965809277268,0,2,9011200,send_recv,2,4
372,0.467,0.47100000000000003,0.4693333333333334,0.47000000000000003,0.0016996731711975965,0,2,9043968,send_recv,2,4
373,0.467,0.47100000000000003,0.4693333333333334,0.47000000000000003,0.0016996731711975965,0,2,9076736,send_recv,2,4
374,0.47000000000000003,0.47100000000000003,0.47066666666666673,0.47100000000000003,0.00047140452079103207,0,2,9109504,send_recv,2,4
375,0.47100000000000003,0.47300000000000003,0.4723333333333333,0.47300000000000003,0.0009428090415820641,0,2,9142272,send_recv,2,4
376,0.47300000000000003,0.47600000000000003,0.47466666666666674,0.47500000000000003,0.0012472191289246482,0,2,9175040,send_recv,2,4
377,0.47900000000000004,0.48,0.4796666666666667,0.48,0.00047140452079100594,0,2,9207808,send_recv,2,4
378,0.481,0.482,0.48133333333333334,0.481,0.00047140452079103207,0,2,9240576,send_recv,2,4
379,0.481,0.484,0.48233333333333334,0.482,0.0012472191289246482,0,2,9273344,send_recv,2,4
380,0.483,0.485,0.484,0.484,0.0008164965809277268,0,2,9306112,send_recv,2,4
381,0.483,0.485,0.484,0.484,0.0008164965809277268,0,2,9338880,send_recv,2,4
382,0.483,0.487,0.48533333333333334,0.486,0.0016996731711975965,0,2,9371648,send_recv,2,4
383,0.486,0.489,0.48733333333333334,0.487,0.0012472191289246482,0,2,9404416,send_recv,2,4
384,0.488,0.49,0.48900000000000005,0.489,0.0008164965809277268,0,2,9437184,send_recv,2,4
385,0.492,0.494,0.49300000000000005,0.493,0.0008164965809277268,0,2,9469952,send_recv,2,4
386,0.494,0.496,0.49499999999999994,0.495,0.0008164965809277268,0,2,9502720,send_recv,2,4
387,0.494,0.496,0.49499999999999994,0.495,0.0008164965809277268,0,2,9535488,send_recv,2,4
388,0.495,0.496,0.49533333333333335,0.495,0.00047140452079103207,0,2,9568256,send_recv,2,4
389,0.496,0.497,0.49666666666666665,0.497,0.00047140452079103207,0,2,9601024,send_recv,2,4
390,0.495,0.5,0.49733333333333335,0.497,0.0020548046676563273,0,2,9633792,send_recv,2,4
391,0.499,0.5,0.4996666666666667,0.5,0.00047140452079103207,0,2,9666560,send_recv,2,4
392,0.501,0.502,0.5016666666666666,0.502,0.00047140452079103207,0,2,9699328,send_recv,2,4
393,0.506,0.509,0.5073333333333334,0.507,0.0012472191289246482,0,2,9732096,send_recv,2,4
394,0.508,0.509,0.5083333333333333,0.508,0.00047140452079103207,0,2,9764864,send_recv,2,4
395,0.507,0.509,0.508,0.508,0.0008164965809277268,0,2,9797632,send_recv,2,4
396,0.51,0.512,0.5106666666666667,0.51,0.0009428090415820641,0,2,9830400,send_recv,2,4
397,0.509,0.511,0.5100000000000001,0.51,0.0008164965809277268,0,2,9863168,send_recv,2,4
398,0.511,0.513,0.5123333333333333,0.513,0.0009428090415820641,0,2,9895936,send_recv,2,4
399,0.514,0.515,0.5143333333333333,0.514,0.00047140452079103207,0,2,9928704,send_recv,2,4
400,0.512,0.516,0.5143333333333334,0.515,0.0016996731711975963,0,2,9961472,send_recv,2,4
401,0.516,0.518,0.5166666666666667,0.516,0.0009428090415820641,0,2,9994240,send_recv,2,4
402,0.518,0.523,0.5213333333333333,0.523,0.0023570226039551605,0,2,10027008,send_recv,2,4
403,0.519,0.523,0.521,0.521,0.0016329931618554536,0,2,10059776,send_recv,2,4
404,0.523,0.523,0.523,0.523,0.0,0,2,10092544,send_recv,2,4
405,0.523,0.525,0.524,0.524,0.0008164965809277268,0,2,10125312,send_recv,2,4
406,0.522,0.527,0.525,0.526,0.0021602468994692888,0,2,10158080,send_recv,2,4
407,0.526,0.527,0.5266666666666667,0.527,0.00047140452079103207,0,2,10190848,send_recv,2,4
408,0.528,0.53,0.5293333333333333,0.53,0.0009428090415820641,0,2,10223616,send_recv,2,4
409,0.531,0.534,0.533,0.534,0.0014142135623730963,0,2,10256384,send_recv,2,4
410,0.533,0.535,0.5340000000000001,0.534,0.0008164965809277268,0,2,10289152,send_recv,2,4
411,0.533,0.537,0.535,0.535,0.0016329931618554536,0,2,10321920,send_recv,2,4
412,0.535,0.537,0.536,0.536,0.0008164965809277268,0,2,10354688,send_recv,2,4
413,0.538,0.539,0.5383333333333333,0.538,0.00047140452079103207,0,2,10387456,send_recv,2,4
414,0.54,0.54,0.54,0.54,0.0,0,2,10420224,send_recv,2,4
415,0.539,0.542,0.54,0.539,0.0014142135623730963,0,2,10452992,send_recv,2,4
416,0.542,0.543,0.5426666666666667,0.543,0.00047140452079103207,0,2,10485760,send_recv,2,4
417,0.545,0.548,0.5463333333333333,0.546,0.0012472191289246482,0,2,10518528,send_recv,2,4
418,0.545,0.548,0.5466666666666667,0.547,0.0012472191289246482,0,2,10551296,send_recv,2,4
419,0.548,0.548,0.548,0.548,0.0,0,2,10584064,send_recv,2,4
420,0.55,0.55,0.55,0.55,0.0,0,2,10616832,send_recv,2,4
421,0.55,0.551,0.5506666666666667,0.551,0.00047140452079103207,0,2,10649600,send_recv,2,4
422,0.552,0.553,0.5526666666666666,0.553,0.00047140452079103207,0,2,10682368,send_recv,2,4
423,0.553,0.554,0.5533333333333333,0.553,0.00047140452079103207,0,2,10715136,send_recv,2,4
424,0.554,0.555,0.5546666666666668,0.555,0.00047140452079103207,0,2,10747904,send_recv,2,4
425,0.556,0.562,0.5593333333333333,0.56,0.0024944382578492965,0,2,10780672,send_recv,2,4
426,0.557,0.56,0.5583333333333335,0.558,0.0012472191289246482,0,2,10813440,send_recv,2,4
427,0.561,0.5630000000000001,0.5616666666666666,0.561,0.0009428090415820641,0,2,10846208,send_recv,2,4
428,0.561,0.5640000000000001,0.5626666666666668,0.5630000000000001,0.0012472191289246482,0,2,10878976,send_recv,2,4
429,0.5650000000000001,0.5660000000000001,0.5653333333333334,0.5650000000000001,0.00047140452079103207,0,2,10911744,send_recv,2,4
430,0.5660000000000001,0.5670000000000001,0.5663333333333334,0.5660000000000001,0.00047140452079103207,0,2,10944512,send_recv,2,4
431,0.5640000000000001,0.5660000000000001,0.5653333333333334,0.5660000000000001,0.0009428090415820641,0,2,10977280,send_recv,2,4
432,0.5670000000000001,0.5680000000000001,0.5676666666666668,0.5680000000000001,0.00047140452079103207,0,2,11010048,send_recv,2,4
433,0.5690000000000001,0.5740000000000001,0.5716666666666668,0.5720000000000001,0.0020548046676563273,0,2,11042816,send_recv,2,4
434,0.5730000000000001,0.5750000000000001,0.5736666666666667,0.5730000000000001,0.0009428090415820641,0,2,11075584,send_recv,2,4
435,0.5700000000000001,0.579,0.5753333333333334,0.577,0.0038586123009300274,0,2,11108352,send_recv,2,4
436,0.577,0.578,0.5776666666666667,0.578,0.00047140452079103207,0,2,11141120,send_recv,2,4
437,0.577,0.579,0.578,0.578,0.0008164965809277268,0,2,11173888,send_recv,2,4
438,0.577,0.58,0.578,0.577,0.0014142135623730963,0,2,11206656,send_recv,2,4
439,0.578,0.581,0.5789999999999998,0.578,0.0014142135623730961,0,2,11239424,send_recv,2,4
440,0.579,0.582,0.5806666666666667,0.581,0.0012472191289246482,0,2,11272192,send_recv,2,4
441,0.582,0.584,0.583,0.583,0.0008164965809277268,0,2,11304960,send_recv,2,4
442,0.585,0.589,0.5866666666666666,0.586,0.0016996731711975965,0,2,11337728,send_recv,2,4
443,0.587,0.591,0.5886666666666666,0.588,0.0016996731711975965,0,2,11370496,send_recv,2,4
444,0.588,0.592,0.59,0.59,0.0016329931618554536,0,2,11403264,send_recv,2,4
445,0.59,0.592,0.591,0.591,0.0008164965809277268,0,2,11436032,send_recv,2,4
446,0.592,0.593,0.5923333333333333,0.592,0.00047140452079103207,0,2,11468800,send_recv,2,4
447,0.592,0.594,0.5933333333333333,0.594,0.0009428090415820641,0,2,11501568,send_recv,2,4
448,0.596,0.597,0.5963333333333334,0.596,0.00047140452079103207,0,2,11534336,send_recv,2,4
449,0.6,0.601,0.6003333333333333,0.6,0.00047140452079103207,0,2,11567104,send_recv,2,4
450,0.598,0.601,0.5996666666666667,0.6,0.0012472191289246482,0,2,11599872,send_recv,2,4
451,0.601,0.601,0.601,0.601,0.0,0,2,11632640,send_recv,2,4
452,0.604,0.606,0.605,0.605,0.0008164965809277268,0,2,11665408,send_recv,2,4
453,0.605,0.606,0.6056666666666667,0.606,0.00047140452079103207,0,2,11698176,send_recv,2,4
454,0.605,0.606,0.6056666666666666,0.606,0.00047140452079103207,0,2,11730944,send_recv,2,4
455,0.606,0.608,0.6073333333333334,0.608,0.0009428090415820641,0,2,11763712,send_recv,2,4
456,0.607,0.609,0.608,0.608,0.0008164965809277268,0,2,11796480,send_recv,2,4
457,0.609,0.613,0.6116666666666667,0.613,0.0018856180831641283,0,2,11829248,send_recv,2,4
458,0.613,0.614,0.6136666666666666,0.614,0.00047140452079103207,0,2,11862016,send_recv,2,4
459,0.614,0.617,0.6153333333333333,0.615,0.0012472191289246482,0,2,11894784,send_recv,2,4
460,0.616,0.619,0.6173333333333334,0.617,0.0012472191289246482,0,2,11927552,send_recv,2,4
461,0.616,0.619,0.6173333333333334,0.617,0.0012472191289246482,0,2,11960320,send_recv,2,4
462,0.615,0.618,0.6166666666666667,0.617,0.0012472191289246482,0,2,11993088,send_recv,2,4
463,0.62,0.622,0.6206666666666667,0.62,0.0009428090415820641,0,2,12025856,send_recv,2,4
464,0.62,0.624,0.622,0.622,0.0016329931618554536,0,2,12058624,send_recv,2,4
465,0.624,0.628,0.6263333333333333,0.627,0.0016996731711975965,0,2,12091392,send_recv,2,4
466,0.623,0.627,0.6253333333333333,0.626,0.0016996731711975965,0,2,12124160,send_recv,2,4
467,0.628,0.629,0.6286666666666667,0.629,0.00047140452079103207,0,2,12156928,send_recv,2,4
468,0.628,0.63,0.629,0.629,0.0008164965809277268,0,2,12189696,send_recv,2,4
469,0.628,0.63,0.6293333333333333,0.63,0.0009428090415820641,0,2,12222464,send_recv,2,4
470,0.632,0.633,0.6323333333333334,0.632,0.00047140452079103207,0,2,12255232,send_recv,2,4
471,0.634,0.636,0.6346666666666666,0.634,0.0009428090415820641,0,2,12288000,send_recv,2,4
472,0.631,0.634,0.633,0.634,0.0014142135623730965,0,2,12320768,send_recv,2,4
473,0.636,0.638,0.637,0.637,0.0008164965809277268,0,2,12353536,send_recv,2,4
474,0.638,0.642,0.64,0.64,0.0016329931618554536,0,2,12386304,send_recv,2,4
475,0.641,0.642,0.6413333333333333,0.641,0.00047140452079103207,0,2,12419072,send_recv,2,4
476,0.644,0.645,0.6443333333333334,0.644,0.00047140452079103207,0,2,12451840,send_recv,2,4
477,0.645,0.646,0.6456666666666666,0.646,0.00047140452079103207,0,2,12484608,send_recv,2,4
478,0.645,0.646,0.6456666666666666,0.646,0.00047140452079103207,0,2,12517376,send_recv,2,4
479,0.641,0.648,0.6443333333333333,0.644,0.002867441755680878,0,2,12550144,send_recv,2,4
480,0.648,0.648,0.648,0.648,0.0,0,2,12582912,send_recv,2,4
481,0.652,0.654,0.6533333333333333,0.654,0.0009428090415820641,0,2,12615680,send_recv,2,4
482,0.652,0.656,0.6543333333333333,0.655,0.0016996731711975963,0,2,12648448,send_recv,2,4
483,0.653,0.656,0.6546666666666666,0.655,0.0012472191289246482,0,2,12681216,send_recv,2,4
484,0.655,0.658,0.6566666666666666,0.657,0.0012472191289246482,0,2,12713984,send_recv,2,4
485,0.655,0.66,0.6573333333333333,0.657,0.0020548046676563273,0,2,12746752,send_recv,2,4
486,0.657,0.661,0.659,0.659,0.0016329931618554536,0,2,12779520,send_recv,2,4
487,0.657,0.658,0.6576666666666667,0.658,0.00047140452079103207,0,2,12812288,send_recv,2,4
488,0.661,0.662,0.6613333333333333,0.661,0.00047140452079103207,0,2,12845056,send_recv,2,4
489,0.663,0.668,0.6653333333333334,0.665,0.0020548046676563273,0,2,12877824,send_recv,2,4
490,0.668,0.669,0.6686666666666667,0.669,0.00047140452079103207,0,2,12910592,send_recv,2,4
491,0.667,0.669,0.668,0.668,0.0008164965809277268,0,2,12943360,send_recv,2,4
492,0.671,0.671,0.6709999999999999,0.671,1.1102230246251565e-16,0,2,12976128,send_recv,2,4
493,0.67,0.671,0.6703333333333333,0.67,0.00047140452079103207,0,2,13008896,send_recv,2,4
494,0.669,0.675,0.6713333333333334,0.67,0.002624669291337273,0,2,13041664,send_recv,2,4
495,0.672,0.676,0.6743333333333333,0.675,0.0016996731711975965,0,2,13074432,send_recv,2,4
496,0.675,0.678,0.6766666666666667,0.677,0.0012472191289246482,0,2,13107200,send_recv,2,4
497,0.677,0.68,0.6789999999999999,0.68,0.0014142135623730961,0,2,13139968,send_recv,2,4
498,0.68,0.683,0.6816666666666666,0.682,0.0012472191289246482,0,2,13172736,send_recv,2,4
499,0.681,0.685,0.6826666666666666,0.682,0.0016996731711975965,0,2,13205504,send_recv,2,4
500,0.681,0.685,0.6833333333333335,0.684,0.0016996731711975965,0,2,13238272,send_recv,2,4
501,0.683,0.687,0.685,0.685,0.0016329931618554536,0,2,13271040,send_recv,2,4
502,0.681,0.686,0.6829999999999999,0.682,0.0021602468994692888,0,2,13303808,send_recv,2,4
503,0.683,0.6900000000000001,0.6876666666666668,0.6900000000000001,0.003299831645537225,0,2,13336576,send_recv,2,4
504,0.687,0.6890000000000001,0.6876666666666668,0.687,0.0009428090415820641,0,2,13369344,send_recv,2,4
505,0.683,0.6940000000000001,0.6883333333333335,0.6880000000000001,0.004496912521077351,0,2,13402112,send_recv,2,4
506,0.6930000000000001,0.6960000000000001,0.6940000000000001,0.6930000000000001,0.0014142135623730965,0,2,13434880,send_recv,2,4
507,0.6920000000000001,0.6980000000000001,0.6953333333333335,0.6960000000000001,0.0024944382578492965,0,2,13467648,send_recv,2,4
508,0.6960000000000001,0.6970000000000001,0.6963333333333335,0.6960000000000001,0.00047140452079103207,0,2,13500416,send_recv,2,4
509,0.6940000000000001,0.6970000000000001,0.6956666666666668,0.6960000000000001,0.0012472191289246482,0,2,13533184,send_recv,2,4
510,0.6990000000000001,0.7010000000000001,0.7000000000000001,0.7000000000000001,0.0008164965809277268,0,2,13565952,send_recv,2,4
511,0.6980000000000001,0.704,0.7010000000000001,0.7010000000000001,0.002449489742783135,0,2,13598720,send_recv,2,4
512,0.7010000000000001,0.7030000000000001,0.7020000000000001,0.7020000000000001,0.0008164965809277268,0,2,13631488,send_recv,2,4
513,0.7030000000000001,0.704,0.7033333333333335,0.7030000000000001,0.00047140452079097976,0,2,13664256,send_recv,2,4
514,0.706,0.707,0.7066666666666666,0.707,0.00047140452079103207,0,2,13697024,send_recv,2,4
515,0.708,0.709,0.7086666666666667,0.709,0.00047140452079103207,0,2,13729792,send_recv,2,4
516,0.709,0.712,0.711,0.712,0.0014142135623730965,0,2,13762560,send_recv,2,4
517,0.71,0.713,0.7116666666666666,0.712,0.0012472191289246482,0,2,13795328,send_recv,2,4
518,0.712,0.713,0.7123333333333332,0.712,0.00047140452079103207,0,2,13828096,send_recv,2,4
519,0.711,0.715,0.7133333333333333,0.714,0.0016996731711975965,0,2,13860864,send_recv,2,4
520,0.712,0.716,0.7136666666666667,0.713,0.0016996731711975965,0,2,13893632,send_recv,2,4
521,0.716,0.719,0.7176666666666667,0.718,0.0012472191289246482,0,2,13926400,send_recv,2,4
522,0.716,0.722,0.7193333333333333,0.72,0.0024944382578492965,0,2,13959168,send_recv,2,4
523,0.72,0.724,0.7216666666666667,0.721,0.0016996731711975965,0,2,13991936,send_recv,2,4
524,0.719,0.723,0.721,0.721,0.0016329931618554536,0,2,14024704,send_recv,2,4
525,0.72,0.727,0.7236666666666668,0.724,0.002867441755680878,0,2,14057472,send_recv,2,4
526,0.725,0.728,0.726,0.725,0.0014142135623730965,0,2,14090240,send_recv,2,4
527,0.724,0.727,0.7256666666666666,0.726,0.0012472191289246482,0,2,14123008,send_recv,2,4
528,0.722,0.728,0.7246666666666667,0.724,0.0024944382578492965,0,2,14155776,send_recv,2,4
529,0.73,0.734,0.7319999999999999,0.732,0.0016329931618554536,0,2,14188544,send_recv,2,4
530,0.732,0.735,0.7333333333333334,0.733,0.0012472191289246482,0,2,14221312,send_recv,2,4
531,0.733,0.738,0.7360000000000001,0.737,0.0021602468994692888,0,2,14254080,send_recv,2,4
532,0.733,0.737,0.7356666666666666,0.737,0.0018856180831641283,0,2,14286848,send_recv,2,4
533,0.735,0.736,0.7356666666666666,0.736,0.00047140452079103207,0,2,14319616,send_recv,2,4
534,0.735,0.741,0.7386666666666667,0.74,0.002624669291337273,0,2,14352384,send_recv,2,4
535,0.732,0.742,0.738,0.74,0.0043204937989385775,0,2,14385152,send_recv,2,4
536,0.741,0.742,0.7413333333333334,0.741,0.00047140452079103207,0,2,14417920,send_recv,2,4
537,0.744,0.747,0.7453333333333333,0.745,0.0012472191289246482,0,2,14450688,send_recv,2,4
538,0.748,0.749,0.7483333333333334,0.748,0.00047140452079103207,0,2,14483456,send_recv,2,4
539,0.746,0.747,0.7466666666666666,0.747,0.00047140452079103207,0,2,14516224,send_recv,2,4
540,0.75,0.751,0.7503333333333333,0.75,0.00047140452079103207,0,2,14548992,send_recv,2,4
541,0.752,0.755,0.753,0.752,0.0014142135623730963,0,2,14581760,send_recv,2,4
542,0.749,0.755,0.7523333333333334,0.753,0.0024944382578492965,0,2,14614528,send_recv,2,4
543,0.752,0.753,0.7526666666666667,0.753,0.00047140452079103207,0,2,14647296,send_recv,2,4
544,0.753,0.756,0.7543333333333333,0.754,0.0012472191289246482,0,2,14680064,send_recv,2,4
545,0.751,0.763,0.7583333333333333,0.761,0.005249338582674546,0,2,14712832,send_recv,2,4
546,0.759,0.763,0.7606666666666667,0.76,0.0016996731711975963,0,2,14745600,send_recv,2,4
547,0.761,0.762,0.7613333333333333,0.761,0.00047140452079103207,0,2,14778368,send_recv,2,4
548,0.763,0.768,0.7653333333333334,0.765,0.0020548046676563273,0,2,14811136,send_recv,2,4
549,0.763,0.765,0.7643333333333334,0.765,0.0009428090415820641,0,2,14843904,send_recv,2,4
550,0.767,0.769,0.7679999999999999,0.768,0.0008164965809277268,0,2,14876672,send_recv,2,4
551,0.767,0.77,0.7686666666666667,0.769,0.0012472191289246482,0,2,14909440,send_recv,2,4
552,0.768,0.771,0.77,0.771,0.0014142135623730965,0,2,14942208,send_recv,2,4
553,0.773,0.775,0.7736666666666667,0.773,0.0009428090415820641,0,2,14974976,send_recv,2,4
554,0.772,0.776,0.7746666666666666,0.776,0.0018856180831641283,0,2,15007744,send_recv,2,4
555,0.774,0.779,0.7763333333333334,0.776,0.0020548046676563273,0,2,15040512,send_recv,2,4
556,0.777,0.779,0.778,0.778,0.0008164965809277268,0,2,15073280,send_recv,2,4
557,0.778,0.783,0.7799999999999999,0.779,0.0021602468994692888,0,2,15106048,send_recv,2,4
558,0.776,0.78,0.7783333333333333,0.779,0.0016996731711975965,0,2,15138816,send_recv,2,4
559,0.779,0.781,0.7799999999999999,0.78,0.0008164965809277268,0,2,15171584,send_recv,2,4
560,0.78,0.783,0.782,0.783,0.0014142135623730965,0,2,15204352,send_recv,2,4
561,0.786,0.787,0.7863333333333333,0.786,0.00047140452079103207,0,2,15237120,send_recv,2,4
562,0.783,0.789,0.7853333333333334,0.784,0.002624669291337273,0,2,15269888,send_recv,2,4
563,0.787,0.791,0.7886666666666667,0.788,0.0016996731711975963,0,2,15302656,send_recv,2,4
564,0.789,0.792,0.791,0.792,0.0014142135623730963,0,2,15335424,send_recv,2,4
565,0.788,0.791,0.79,0.791,0.0014142135623730965,0,2,15368192,send_recv,2,4
566,0.788,0.791,0.7893333333333334,0.789,0.0012472191289246482,0,2,15400960,send_recv,2,4
567,0.79,0.796,0.7926666666666667,0.792,0.0024944382578492965,0,2,15433728,send_recv,2,4
568,0.792,0.798,0.795,0.795,0.00244948974278318,0,2,15466496,send_recv,2,4
569,0.796,0.803,0.7986666666666667,0.797,0.0030912061651652374,0,2,15499264,send_recv,2,4
570,0.799,0.803,0.8013333333333333,0.802,0.0016996731711975963,0,2,15532032,send_recv,2,4
571,0.8,0.805,0.8026666666666666,0.803,0.0020548046676563273,0,2,15564800,send_recv,2,4
572,0.796,0.803,0.8003333333333335,0.802,0.0030912061651652374,0,2,15597568,send_recv,2,4
573,0.805,0.806,0.8053333333333335,0.805,0.00047140452079103207,0,2,15630336,send_recv,2,4
574,0.805,0.808,0.8063333333333333,0.806,0.0012472191289246482,0,2,15663104,send_recv,2,4
575,0.801,0.809,0.806,0.808,0.0035590260840104404,0,2,15695872,send_recv,2,4
576,0.808,0.81,0.8093333333333333,0.81,0.0009428090415820641,0,2,15728640,send_recv,2,4
577,0.809,0.811,0.8103333333333333,0.811,0.0009428090415820641,0,2,15761408,send_recv,2,4
578,0.8130000000000001,0.8180000000000001,0.8156666666666667,0.8160000000000001,0.0020548046676563273,0,2,15794176,send_recv,2,4
579,0.811,0.8170000000000001,0.8140000000000001,0.8140000000000001,0.00244948974278318,0,2,15826944,send_recv,2,4
580,0.8140000000000001,0.8160000000000001,0.8150000000000001,0.8150000000000001,0.0008164965809277268,0,2,15859712,send_recv,2,4
581,0.8150000000000001,0.8180000000000001,0.8170000000000001,0.8180000000000001,0.0014142135623730965,0,2,15892480,send_recv,2,4
582,0.8140000000000001,0.8190000000000001,0.8173333333333334,0.8190000000000001,0.0023570226039551605,0,2,15925248,send_recv,2,4
583,0.8150000000000001,0.8180000000000001,0.8163333333333335,0.8160000000000001,0.0012472191289246482,0,2,15958016,send_recv,2,4
584,0.8190000000000001,0.8240000000000001,0.8220000000000001,0.8230000000000001,0.0021602468994692888,0,2,15990784,send_recv,2,4
585,0.8210000000000001,0.8270000000000001,0.8246666666666668,0.8260000000000001,0.002624669291337273,0,2,16023552,send_recv,2,4
586,0.8250000000000001,0.8290000000000001,0.8266666666666668,0.8260000000000001,0.0016996731711975963,0,2,16056320,send_recv,2,4
587,0.8290000000000001,0.8300000000000001,0.8296666666666668,0.8300000000000001,0.00047140452079103207,0,2,16089088,send_recv,2,4
588,0.8300000000000001,0.8310000000000001,0.8303333333333334,0.8300000000000001,0.00047140452079103207,0,2,16121856,send_recv,2,4
589,0.8290000000000001,0.8310000000000001,0.8303333333333334,0.8310000000000001,0.0009428090415820641,0,2,16154624,send_recv,2,4
590,0.8310000000000001,0.8320000000000001,0.8316666666666667,0.8320000000000001,0.00047140452079103207,0,2,16187392,send_recv,2,4
591,0.8290000000000001,0.835,0.8330000000000001,0.835,0.00282842712474614,0,2,16220160,send_recv,2,4
592,0.834,0.836,0.835,0.835,0.0008164965809277268,0,2,16252928,send_recv,2,4
593,0.835,0.841,0.8376666666666667,0.837,0.0024944382578492965,0,2,16285696,send_recv,2,4
594,0.84,0.842,0.8410000000000001,0.841,0.0008164965809277268,0,2,16318464,send_recv,2,4
595,0.837,0.84,0.8380000000000001,0.837,0.0014142135623730961,0,2,16351232,send_recv,2,4
596,0.838,0.842,0.8406666666666666,0.842,0.0018856180831641283,0,2,16384000,send_recv,2,4
597,0.839,0.842,0.8406666666666666,0.841,0.0012472191289246482,0,2,16416768,send_recv,2,4
598,0.84,0.844,0.842,0.842,0.0016329931618554536,0,2,16449536,send_recv,2,4
599,0.843,0.85,0.8473333333333333,0.849,0.0030912061651652374,0,2,16482304,send_recv,2,4
600,0.847,0.85,0.8490000000000001,0.85,0.0014142135623730961,0,2,16515072,send_recv,2,4
601,0.846,0.854,0.8513333333333333,0.854,0.0037712361663282566,0,2,16547840,send_recv,2,4
602,0.853,0.856,0.8546666666666667,0.855,0.0012472191289246482,0,2,16580608,send_recv,2,4
603,0.854,0.859,0.8563333333333333,0.856,0.0020548046676563273,0,2,16613376,send_recv,2,4
604,0.854,0.857,0.8559999999999999,0.857,0.0014142135623730961,0,2,16646144,send_recv,2,4
605,0.86,0.86,0.86,0.86,0.0,0,2,16678912,send_recv,2,4
606,0.858,0.861,0.8593333333333333,0.859,0.0012472191289246482,0,2,16711680,send_recv,2,4
607,0.858,0.864,0.8606666666666666,0.86,0.0024944382578492965,0,2,16744448,send_recv,2,4
608,0.862,0.865,0.8633333333333333,0.863,0.0012472191289246482,0,2,16777216,send_recv,2,4
609,0.859,0.865,0.8623333333333333,0.863,0.0024944382578492965,0,2,16777216,send_recv,2,4
610,0.869,0.873,0.8716666666666667,0.873,0.0018856180831641283,0,2,16908288,send_recv,2,4
611,0.875,0.877,0.8756666666666666,0.875,0.0009428090415820641,0,2,17039360,send_recv,2,4
612,0.884,0.887,0.8856666666666667,0.886,0.0012472191289246482,0,2,17170432,send_recv,2,4
613,0.886,0.891,0.8883333333333333,0.888,0.0020548046676563273,0,2,17301504,send_recv,2,4
614,0.894,0.897,0.8956666666666667,0.896,0.0012472191289246482,0,2,17432576,send_recv,2,4
615,0.898,0.904,0.9016666666666667,0.903,0.002624669291337273,0,2,17563648,send_recv,2,4
616,0.904,0.911,0.9086666666666666,0.911,0.003299831645537225,0,2,17694720,send_recv,2,4
617,0.909,0.914,0.9119999999999999,0.913,0.0021602468994692888,0,2,17825792,send_recv,2,4
618,0.921,0.928,0.9243333333333333,0.924,0.002867441755680878,0,2,17956864,send_recv,2,4
619,0.924,0.926,0.9253333333333335,0.926,0.0009428090415820641,0,2,18087936,send_recv,2,4
620,0.933,0.937,0.935,0.935,0.0016329931618554536,0,2,18219008,send_recv,2,4
621,0.93,0.9420000000000001,0.9363333333333334,0.937,0.004921607686744471,0,2,18350080,send_recv,2,4
622,0.9450000000000001,0.9520000000000001,0.9483333333333334,0.9480000000000001,0.002867441755680878,0,2,18481152,send_recv,2,4
623,0.9510000000000001,0.9530000000000001,0.9516666666666668,0.9510000000000001,0.0009428090415820641,0,2,18612224,send_recv,2,4
624,0.963,0.97,0.9666666666666667,0.967,0.002867441755680878,0,2,18743296,send_recv,2,4
625,0.967,0.97,0.968,0.967,0.0014142135623730963,0,2,18874368,send_recv,2,4
626,0.973,0.975,0.9736666666666666,0.973,0.0009428090415820641,0,2,19005440,send_recv,2,4
627,0.98,0.984,0.9823333333333334,0.983,0.0016996731711975963,0,2,19136512,send_recv,2,4
628,0.983,0.992,0.9876666666666667,0.988,0.0036817870057290905,0,2,19267584,send_recv,2,4
629,0.987,0.998,0.9939999999999999,0.997,0.004966554808583784,0,2,19398656,send_recv,2,4
630,0.998,1.0070000000000001,1.0013333333333334,0.999,0.004027681991198247,0,2,19529728,send_recv,2,4
631,1.002,1.01,1.006,1.006,0.0032659863237109073,0,2,19660800,send_recv,2,4
632,1.0150000000000001,1.018,1.0163333333333335,1.016,0.0012472191289246088,0,2,19791872,send_recv,2,4
633,1.0150000000000001,1.0190000000000001,1.0166666666666668,1.016,0.001699673171197611,0,2,19922944,send_recv,2,4
634,1.024,1.034,1.03,1.032,0.0043204937989385775,0,2,20054016,send_recv,2,4
635,1.032,1.038,1.0346666666666666,1.034,0.0024944382578492965,0,2,20185088,send_recv,2,4
636,1.039,1.049,1.0426666666666666,1.04,0.004496912521077329,0,2,20316160,send_recv,2,4
637,1.045,1.049,1.0473333333333332,1.048,0.001699673171197611,0,2,20447232,send_recv,2,4
638,1.055,1.061,1.0573333333333332,1.056,0.002624669291337254,0,2,20578304,send_recv,2,4
639,1.057,1.065,1.0606666666666666,1.06,0.0032998316455372175,0,2,20709376,send_recv,2,4
640,1.065,1.071,1.0679999999999998,1.068,0.00244948974278318,0,2,20840448,send_recv,2,4
641,1.073,1.076,1.0743333333333334,1.074,0.0012472191289246877,0,2,20971520,send_recv,2,4
642,1.078,1.085,1.0826666666666667,1.085,0.0032998316455371724,0,2,21102592,send_recv,2,4
643,1.09,1.091,1.0906666666666667,1.091,0.00047140452079097976,0,2,21233664,send_recv,2,4
644,1.096,1.098,1.097,1.097,0.0008164965809277268,0,2,21364736,send_recv,2,4
645,1.095,1.104,1.1006666666666665,1.103,0.004027681991198225,0,2,21495808,send_recv,2,4
646,1.091,1.114,1.1043333333333332,1.108,0.009741092797468365,0,2,21626880,send_recv,2,4
647,1.116,1.118,1.117,1.117,0.0008164965809277268,0,2,21757952,send_recv,2,4
648,1.123,1.127,1.125,1.125,0.0016329931618554536,0,2,21889024,send_recv,2,4
649,1.1300000000000001,1.1320000000000001,1.1310000000000002,1.131,0.0008164965809277268,0,2,22020096,send_recv,2,4
650,1.133,1.1400000000000001,1.1363333333333334,1.1360000000000001,0.002867441755680921,0,2,22151168,send_recv,2,4
651,1.141,1.143,1.1423333333333332,1.143,0.0009428090415820641,0,2,22282240,send_recv,2,4
652,1.151,1.155,1.1526666666666667,1.1520000000000001,0.0016996731711975818,0,2,22413312,send_recv,2,4
653,1.158,1.16,1.1586666666666667,1.158,0.0009428090415820641,0,2,22544384,send_recv,2,4
654,1.158,1.165,1.1613333333333333,1.161,0.002867441755680921,0,2,22675456,send_recv,2,4
655,1.161,1.169,1.1653333333333333,1.166,0.0032998316455372175,0,2,22806528,send_recv,2,4
656,1.171,1.18,1.1766666666666667,1.179,0.0040276819911981634,0,2,22937600,send_recv,2,4
657,1.18,1.185,1.1826666666666668,1.183,0.0020548046676563754,0,2,23068672,send_recv,2,4
658,1.181,1.193,1.1883333333333335,1.191,0.005249338582674546,0,2,23199744,send_recv,2,4
659,1.182,1.198,1.1926666666666665,1.198,0.007542472332656513,0,2,23330816,send_recv,2,4
660,1.203,1.203,1.203,1.203,0.0,0,2,23461888,send_recv,2,4
661,1.201,1.213,1.2060000000000002,1.204,0.005099019513592804,0,2,23592960,send_recv,2,4
662,1.211,1.218,1.215,1.216,0.0029439202887759012,0,2,23724032,send_recv,2,4
663,1.222,1.223,1.2226666666666668,1.223,0.00047140452079108444,0,2,23855104,send_recv,2,4
664,1.226,1.229,1.2276666666666667,1.228,0.0012472191289246877,0,2,23986176,send_recv,2,4
665,1.235,1.238,1.236,1.235,0.0014142135623730439,0,2,24117248,send_recv,2,4
666,1.237,1.247,1.242,1.242,0.004082482904638634,0,2,24248320,send_recv,2,4
667,1.243,1.2510000000000001,1.2476666666666667,1.249,0.003399346342395193,0,2,24379392,send_recv,2,4
668,1.254,1.2610000000000001,1.2580000000000002,1.2590000000000001,0.0029439202887760023,0,2,24510464,send_recv,2,4
669,1.258,1.262,1.2606666666666666,1.262,0.0018856180831641283,0,2,24641536,send_recv,2,4
670,1.2670000000000001,1.272,1.2700000000000002,1.2710000000000001,0.0021602468994692545,0,2,24772608,send_recv,2,4
671,1.2750000000000001,1.2790000000000001,1.2763333333333335,1.2750000000000001,0.0018856180831641283,0,2,24903680,send_recv,2,4
672,1.283,1.284,1.2836666666666667,1.284,0.00047140452079108444,0,2,25034752,send_recv,2,4
673,1.287,1.293,1.2893333333333332,1.288,0.002624669291337254,0,2,25165824,send_recv,2,4
674,1.293,1.298,1.2946666666666666,1.293,0.002357022603955213,0,2,25296896,send_recv,2,4
675,1.301,1.305,1.3026666666666669,1.302,0.0016996731711975818,0,2,25427968,send_recv,2,4
676,1.307,1.308,1.3076666666666668,1.308,0.00047140452079108444,0,2,25559040,send_recv,2,4
677,1.313,1.317,1.3153333333333332,1.316,0.001699673171197611,0,2,25690112,send_recv,2,4
678,1.325,1.327,1.326,1.326,0.0008164965809277268,0,2,25821184,send_recv,2,4
679,1.325,1.332,1.328,1.327,0.0029439202887760023,0,2,25952256,send_recv,2,4
680,1.338,1.34,1.3390000000000002,1.339,0.0008164965809277268,0,2,26083328,send_recv,2,4
681,1.337,1.345,1.341,1.341,0.0032659863237109073,0,2,26214400,send_recv,2,4
682,1.35,1.353,1.3516666666666666,1.352,0.0012472191289246088,0,2,26345472,send_recv,2,4
683,1.355,1.356,1.3556666666666668,1.356,0.00047140452079108444,0,2,26476544,send_recv,2,4
684,1.365,1.373,1.3683333333333334,1.367,0.003399346342395193,0,2,26607616,send_recv,2,4
685,1.368,1.371,1.3696666666666666,1.37,0.0012472191289246088,0,2,26738688,send_recv,2,4
686,1.3760000000000001,1.377,1.3763333333333334,1.3760000000000001,0.00047140452079097976,0,2,26869760,send_recv,2,4
687,1.383,1.385,1.3843333333333334,1.385,0.0009428090415820641,0,2,27000832,send_recv,2,4
688,1.389,1.3940000000000001,1.390666666666667,1.389,0.002357022603955213,0,2,27131904,send_recv,2,4
689,1.389,1.393,1.391,1.391,0.0016329931618554536,0,2,27262976,send_recv,2,4
690,1.4040000000000001,1.407,1.4053333333333333,1.405,0.0012472191289246088,0,2,27394048,send_recv,2,4
691,1.4020000000000001,1.4040000000000001,1.4033333333333335,1.4040000000000001,0.0009428090415820641,0,2,27525120,send_recv,2,4
692,1.408,1.42,1.4133333333333333,1.412,0.004988876515698593,0,2,27656192,send_recv,2,4
693,1.415,1.424,1.418,1.415,0.004242640687119236,0,2,27787264,send_recv,2,4
694,1.42,1.432,1.4256666666666666,1.425,0.004921607686744467,0,2,27918336,send_recv,2,4
695,1.435,1.437,1.4356666666666669,1.435,0.0009428090415820641,0,2,28049408,send_recv,2,4
696,1.44,1.445,1.4426666666666665,1.443,0.0020548046676563754,0,2,28180480,send_recv,2,4
697,1.447,1.452,1.4489999999999998,1.448,0.0021602468994692545,0,2,28311552,send_recv,2,4
698,1.452,1.462,1.4583333333333333,1.461,0.004496912521077374,0,2,28442624,send_recv,2,4
699,1.458,1.468,1.4623333333333335,1.461,0.00418993502999217,0,2,28573696,send_recv,2,4
700,1.462,1.472,1.4669999999999999,1.467,0.004082482904638634,0,2,28704768,send_recv,2,4
701,1.464,1.478,1.4723333333333333,1.475,0.006018490028422618,0,2,28835840,send_recv,2,4
702,1.474,1.486,1.4800000000000002,1.48,0.00489897948556636,0,2,28966912,send_recv,2,4
703,1.488,1.493,1.4910000000000003,1.492,0.002160246899469323,0,2,29097984,send_recv,2,4
704,1.495,1.498,1.4963333333333333,1.496,0.0012472191289246088,0,2,29229056,send_recv,2,4
705,1.502,1.504,1.5030000000000001,1.5030000000000001,0.0008164965809277268,0,2,29360128,send_recv,2,4
706,1.508,1.5170000000000001,1.5123333333333335,1.512,0.003681787005729137,0,2,29491200,send_recv,2,4
707,1.502,1.5110000000000001,1.5060000000000002,1.5050000000000001,0.003741657386773984,0,2,29622272,send_recv,2,4
708,1.518,1.5230000000000001,1.5200000000000002,1.5190000000000001,0.002160246899469323,0,2,29753344,send_recv,2,4
709,1.5230000000000001,1.5290000000000001,1.5270000000000001,1.5290000000000001,0.002828427124746193,0,2,29884416,send_recv,2,4
710,1.5290000000000001,1.539,1.5330000000000001,1.5310000000000001,0.004320493798938474,0,2,30015488,send_recv,2,4
711,1.5330000000000001,1.548,1.5406666666666666,1.541,0.006128258770283369,0,2,30146560,send_recv,2,4
712,1.545,1.553,1.5503333333333333,1.553,0.0037712361663282566,0,2,30277632,send_recv,2,4
713,1.555,1.559,1.5563333333333331,1.555,0.0018856180831641283,0,2,30408704,send_recv,2,4
714,1.558,1.566,1.5613333333333335,1.56,0.003399346342395193,0,2,30539776,send_recv,2,4
715,1.56,1.562,1.561,1.561,0.0008164965809277268,0,2,30670848,send_recv,2,4
716,1.57,1.582,1.5773333333333335,1.58,0.005249338582674546,0,2,30801920,send_recv,2,4
717,1.58,1.581,1.5806666666666667,1.581,0.00047140452079097976,0,2,30932992,send_recv,2,4
718,1.588,1.589,1.5883333333333336,1.588,0.00047140452079097976,0,2,31064064,send_recv,2,4
719,1.585,1.595,1.5916666666666666,1.595,0.004714045207910321,0,2,31195136,send_recv,2,4
720,1.604,1.611,1.6063333333333334,1.604,0.0032998316455371724,0,2,31326208,send_recv,2,4
721,1.607,1.61,1.6083333333333334,1.608,0.0012472191289246877,0,2,31457280,send_recv,2,4
722,1.612,1.621,1.6153333333333333,1.613,0.004027681991198164,0,2,31588352,send_recv,2,4
723,1.614,1.619,1.6163333333333334,1.616,0.002054804667656279,0,2,31719424,send_recv,2,4
724,1.6280000000000001,1.6340000000000001,1.6310000000000002,1.631,0.00244948974278318,0,2,31850496,send_recv,2,4
725,1.624,1.635,1.6310000000000002,1.6340000000000001,0.004966554808583754,0,2,31981568,send_recv,2,4
726,1.6440000000000001,1.6440000000000001,1.6440000000000001,1.6440000000000001,0.0,0,2,32112640,send_recv,2,4
727,1.639,1.6520000000000001,1.6463333333333334,1.6480000000000001,0.005436502143433418,0,2,32243712,send_recv,2,4
728,1.6540000000000001,1.6560000000000001,1.6553333333333338,1.6560000000000001,0.0009428090415820641,0,2,32374784,send_recv,2,4
729,1.6560000000000001,1.67,1.6643333333333334,1.667,0.006018490028422516,0,2,32505856,send_recv,2,4
730,1.666,1.669,1.6669999999999998,1.666,0.0014142135623731486,0,2,32636928,send_recv,2,4
731,1.674,1.677,1.6756666666666664,1.676,0.0012472191289246877,0,2,32768000,send_recv,2,4
732,1.683,1.686,1.6846666666666668,1.685,0.0012472191289246088,0,2,32899072,send_recv,2,4
733,1.68,1.687,1.6843333333333332,1.686,0.0030912061651652695,0,2,33030144,send_recv,2,4
734,1.692,1.702,1.6966666666666665,1.696,0.0041096093353126546,0,2,33161216,send_recv,2,4
735,1.698,1.701,1.6996666666666667,1.7,0.0012472191289246877,0,2,33292288,send_recv,2,4
736,1.706,1.712,1.7090000000000003,1.709,0.00244948974278318,0,2,33423360,send_recv,2,4
737,1.718,1.721,1.719,1.718,0.0014142135623731488,0,2,33554432,send_recv,2,4
738,1.71,1.728,1.7216666666666667,1.727,0.008259674462242609,0,2,33685504,send_recv,2,4
739,1.721,1.73,1.726,1.727,0.0037416573867739052,0,2,33816576,send_recv,2,4
740,1.73,1.74,1.7363333333333335,1.739,0.004496912521077374,0,2,33947648,send_recv,2,4
741,1.737,1.748,1.7436666666666667,1.746,0.004784233364802394,0,2,34078720,send_recv,2,4
742,1.75,1.752,1.7513333333333332,1.752,0.0009428090415820641,0,2,34209792,send_recv,2,4
743,1.743,1.7570000000000001,1.7523333333333335,1.7570000000000001,0.00659966329107445,0,2,34340864,send_recv,2,4
744,1.76,1.766,1.7633333333333334,1.764,0.0024944382578492965,0,2,34471936,send_recv,2,4
745,1.762,1.768,1.765666666666667,1.7670000000000001,0.0026246692913372916,0,2,34603008,send_recv,2,4
746,1.7750000000000001,1.7830000000000001,1.7790000000000001,1.7790000000000001,0.0032659863237109073,0,2,34734080,send_recv,2,4
747,1.774,1.7890000000000001,1.7826666666666668,1.7850000000000001,0.006342099196813539,0,2,34865152,send_recv,2,4
748,1.784,1.788,1.7863333333333333,1.7870000000000001,0.001699673171197611,0,2,34996224,send_recv,2,4
749,1.7810000000000001,1.796,1.7910000000000001,1.796,0.0070710678118654285,0,2,35127296,send_recv,2,4
750,1.802,1.805,1.8030000000000002,1.802,0.0014142135623730439,0,2,35258368,send_recv,2,4
751,1.809,1.814,1.8106666666666669,1.809,0.002357022603955213,0,2,35389440,send_recv,2,4
752,1.815,1.824,1.8196666666666665,1.82,0.003681787005729137,0,2,35520512,send_recv,2,4
753,1.827,1.83,1.828,1.827,0.0014142135623731488,0,2,35651584,send_recv,2,4
754,1.829,1.833,1.8309999999999997,1.831,0.0016329931618554536,0,2,35782656,send_recv,2,4
755,1.828,1.839,1.8333333333333333,1.833,0.004496912521077307,0,2,35913728,send_recv,2,4
756,1.834,1.848,1.8420000000000003,1.844,0.005887840577551903,0,2,36044800,send_recv,2,4
757,1.835,1.851,1.8446666666666667,1.848,0.006944222218666577,0,2,36175872,send_recv,2,4
758,1.854,1.858,1.856,1.856,0.0016329931618554536,0,2,36306944,send_recv,2,4
759,1.858,1.861,1.859,1.858,0.0014142135623730439,0,2,36438016,send_recv,2,4
760,1.866,1.875,1.8706666666666667,1.871,0.0036817870057290433,0,2,36569088,send_recv,2,4
761,1.8760000000000001,1.877,1.8766666666666667,1.877,0.00047140452079097976,0,2,36700160,send_recv,2,4
762,1.875,1.8940000000000001,1.8833333333333335,1.881,0.007930251502246936,0,2,36831232,send_recv,2,4
763,1.883,1.8940000000000001,1.8893333333333333,1.891,0.0046427960923947475,0,2,36962304,send_recv,2,4
764,1.8880000000000001,1.901,1.8956666666666668,1.8980000000000001,0.005557777333510991,0,2,37093376,send_recv,2,4
765,1.899,1.901,1.9000000000000001,1.9000000000000001,0.0008164965809277268,0,2,37224448,send_recv,2,4
766,1.907,1.9120000000000001,1.9096666666666666,1.9100000000000001,0.0020548046676563754,0,2,37355520,send_recv,2,4
767,1.9080000000000001,1.917,1.9120000000000001,1.911,0.0037416573867739052,0,2,37486592,send_recv,2,4
768,1.921,1.927,1.9243333333333332,1.925,0.0024944382578492965,0,2,37617664,send_recv,2,4
769,1.921,1.933,1.9273333333333333,1.928,0.004921607686744467,0,2,37748736,send_recv,2,4
770,1.929,1.942,1.937,1.94,0.005715476066494036,0,2,37879808,send_recv,2,4
771,1.942,1.948,1.9456666666666667,1.947,0.0026246692913372916,0,2,38010880,send_recv,2,4
772,1.941,1.96,1.9489999999999998,1.946,0.008041558721209848,0,2,38141952,send_recv,2,4
773,1.955,1.963,1.9583333333333333,1.957,0.0033993463423951926,0,2,38273024,send_recv,2,4
774,1.96,1.967,1.9633333333333336,1.963,0.002867441755680921,0,2,38404096,send_recv,2,4
775,1.962,1.97,1.9649999999999999,1.963,0.0035590260840104196,0,2,38535168,send_recv,2,4
776,1.968,1.978,1.9733333333333334,1.974,0.0041096093353126546,0,2,38666240,send_recv,2,4
777,1.978,1.986,1.9829999999999999,1.985,0.003559026084010461,0,2,38797312,send_recv,2,4
778,1.987,1.999,1.9926666666666666,1.992,0.004921607686744476,0,2,38928384,send_recv,2,4
779,1.99,1.995,1.9923333333333335,1.992,0.0020548046676563754,0,2,39059456,send_recv,2,4
780,2.0,2.004,2.0016666666666665,2.001,0.001699673171197611,0,2,39190528,send_recv,2,4
781,2.001,2.012,2.0073333333333334,2.009,0.0046427960923947475,0,2,39321600,send_recv,2,4
782,2.015,2.02,2.016666666666667,2.015,0.002357022603955108,0,2,39452672,send_recv,2,4
783,2.019,2.025,2.0223333333333335,2.023,0.0024944382578492175,0,2,39583744,send_recv,2,4
784,2.017,2.025,2.0206666666666666,2.02,0.0032998316455372175,0,2,39714816,send_recv,2,4
785,2.033,2.049,2.0386666666666664,2.0340000000000003,0.007318166133366653,0,2,39845888,send_recv,2,4
786,2.04,2.05,2.0463333333333336,2.049,0.004496912521077269,0,2,39976960,send_recv,2,4
787,2.0460000000000003,2.05,2.0483333333333333,2.049,0.0016996731711974079,0,2,40108032,send_recv,2,4
788,2.051,2.061,2.0563333333333333,2.057,0.004109609335312558,0,2,40239104,send_recv,2,4
789,2.062,2.068,2.0643333333333334,2.063,0.0026246692913373198,0,2,40370176,send_recv,2,4
790,2.068,2.078,2.0716666666666668,2.069,0.004496912521077269,0,2,40501248,send_recv,2,4
791,2.075,2.076,2.0756666666666668,2.076,0.00047140452079097976,0,2,40632320,send_recv,2,4
792,2.078,2.088,2.0826666666666664,2.082,0.004109609335312751,0,2,40763392,send_recv,2,4
793,2.085,2.096,2.0893333333333333,2.087,0.004784233364802461,0,2,40894464,send_recv,2,4
794,2.1,2.104,2.101666666666667,2.101,0.001699673171197611,0,2,41025536,send_recv,2,4
795,2.094,2.108,2.1010000000000004,2.101,0.005715476066494178,0,2,41156608,send_recv,2,4
796,2.108,2.115,2.111,2.11,0.002943920288776027,0,2,41287680,send_recv,2,4
797,2.112,2.114,2.113,2.113,0.0008164965809276362,0,2,41418752,send_recv,2,4
798,2.113,2.129,2.1229999999999998,2.1270000000000002,0.007118052168020922,0,2,41549824,send_recv,2,4
799,2.13,2.1390000000000002,2.1350000000000002,2.136,0.0037416573867740835,0,2,41680896,send_recv,2,4
800,2.134,2.1390000000000002,2.136,2.1350000000000002,0.0021602468994693915,0,2,41811968,send_recv,2,4
801,2.142,2.146,2.1443333333333334,2.145,0.001699673171197611,0,2,41943040,send_recv,2,4
802,2.146,2.154,2.1503333333333337,2.1510000000000002,0.003299831645537247,0,2,42074112,send_recv,2,4
803,2.1550000000000002,2.1590000000000003,2.1573333333333333,2.158,0.001699673171197553,0,2,42205184,send_recv,2,4
804,2.162,2.164,2.163,2.1630000000000003,0.0008164965809278175,0,2,42336256,send_recv,2,4
805,2.1670000000000003,2.168,2.1673333333333336,2.1670000000000003,0.00047140452079097976,0,2,42467328,send_recv,2,4
806,2.176,2.18,2.1776666666666666,2.177,0.001699673171197611,0,2,42598400,send_recv,2,4
807,2.172,2.176,2.174,2.174,0.0016329931618554536,0,2,42729472,send_recv,2,4
808,2.186,2.195,2.189,2.186,0.004242640687119236,0,2,42860544,send_recv,2,4
809,2.19,2.2,2.1966666666666668,2.2,0.004714045207910426,0,2,42991616,send_recv,2,4
810,2.189,2.202,2.196,2.197,0.0053541261347363,0,2,43122688,send_recv,2,4
811,2.209,2.215,2.211,2.209,0.0028284271247460877,0,2,43253760,send_recv,2,4
812,2.207,2.213,2.2093333333333334,2.208,0.0026246692913373193,0,2,43384832,send_recv,2,4
813,2.215,2.218,2.217,2.218,0.0014142135623731486,0,2,43515904,send_recv,2,4
814,2.229,2.239,2.2356666666666665,2.239,0.004714045207910216,0,2,43646976,send_recv,2,4
815,2.222,2.232,2.2273333333333336,2.228,0.004109609335312751,0,2,43778048,send_recv,2,4
816,2.232,2.243,2.238,2.239,0.004546060565661809,0,2,43909120,send_recv,2,4
817,2.243,2.249,2.2463333333333333,2.247,0.0024944382578493754,0,2,44040192,send_recv,2,4
818,2.257,2.259,2.2579999999999996,2.258,0.0008164965809276362,0,2,44171264,send_recv,2,4
819,2.263,2.2680000000000002,2.266,2.267,0.0021602468994693915,0,2,44302336,send_recv,2,4
820,2.267,2.2800000000000002,2.2723333333333335,2.27,0.005557777333511165,0,2,44433408,send_recv,2,4
821,2.273,2.282,2.277,2.2760000000000002,0.0037416573867738853,0,2,44564480,send_recv,2,4
822,2.281,2.2880000000000003,2.285,2.286,0.0029439202887759767,0,2,44695552,send_recv,2,4
823,2.2880000000000003,2.294,2.290666666666667,2.29,0.0024944382578492175,0,2,44826624,send_recv,2,4
824,2.287,2.297,2.2920000000000003,2.2920000000000003,0.004082482904638724,0,2,44957696,send_recv,2,4
825,2.295,2.299,2.296333333333333,2.295,0.0018856180831641283,0,2,45088768,send_recv,2,4
826,2.297,2.305,2.3023333333333333,2.305,0.0037712361663282566,0,2,45219840,send_recv,2,4
827,2.308,2.309,2.308333333333333,2.308,0.0004714045207911891,0,2,45350912,send_recv,2,4
828,2.314,2.323,2.3183333333333334,2.318,0.0036817870057290433,0,2,45481984,send_recv,2,4
829,2.316,2.324,2.3193333333333332,2.318,0.0033993463423951636,0,2,45613056,send_recv,2,4
830,2.326,2.336,2.33,2.328,0.004320493798938509,0,2,45744128,send_recv,2,4
831,2.337,2.344,2.340666666666667,2.341,0.002867441755680749,0,2,45875200,send_recv,2,4
832,2.346,2.353,2.3493333333333335,2.349,0.002867441755680921,0,2,46006272,send_recv,2,4
833,2.36,2.364,2.361333333333333,2.36,0.0018856180831641283,0,2,46137344,send_recv,2,4
834,2.362,2.369,2.3663333333333334,2.368,0.003091206165165229,0,2,46268416,send_recv,2,4
835,2.358,2.367,2.3626666666666667,2.363,0.0036817870057290433,0,2,46399488,send_recv,2,4
836,2.373,2.3770000000000002,2.375666666666667,2.3770000000000002,0.0018856180831641283,0,2,46530560,send_recv,2,4
837,2.363,2.386,2.378,2.3850000000000002,0.010614455552060526,0,2,46661632,send_recv,2,4
838,2.378,2.3850000000000002,2.3826666666666667,2.3850000000000002,0.003299831645537277,0,2,46792704,send_recv,2,4
839,2.3810000000000002,2.392,2.3866666666666667,2.387,0.004496912521077214,0,2,46923776,send_recv,2,4
840,2.388,2.406,2.3990000000000005,2.403,0.007874007874011902,0,2,47054848,send_recv,2,4
841,2.403,2.411,2.407,2.407,0.0032659863237109073,0,2,47185920,send_recv,2,4
842,2.4010000000000002,2.41,2.405,2.404,0.003741657386773925,0,2,47316992,send_recv,2,4
843,2.415,2.423,2.418,2.416,0.003559026084010461,0,2,47448064,send_recv,2,4
844,2.422,2.4290000000000003,2.4263333333333335,2.428,0.003091206165165229,0,2,47579136,send_recv,2,4
845,2.433,2.448,2.4410000000000003,2.442,0.006164414002969042,0,2,47710208,send_recv,2,4
846,2.435,2.448,2.442,2.443,0.0053541261347363,0,2,47841280,send_recv,2,4
847,2.442,2.452,2.446,2.444,0.004320493798938509,0,2,47972352,send_recv,2,4
848,2.454,2.465,2.4593333333333334,2.459,0.004496912521077214,0,2,48103424,send_recv,2,4
849,2.462,2.465,2.4629999999999996,2.462,0.0014142135623729393,0,2,48234496,send_recv,2,4
850,2.451,2.47,2.463,2.468,0.008524474568362963,0,2,48365568,send_recv,2,4
851,2.471,2.478,2.4746666666666663,2.475,0.002867441755680921,0,2,48496640,send_recv,2,4
852,2.481,2.484,2.482666666666667,2.483,0.0012472191289247074,0,2,48627712,send_recv,2,4
853,2.481,2.491,2.485,2.483,0.004320493798938646,0,2,48758784,send_recv,2,4
854,2.49,2.505,2.4983333333333335,2.5,0.006236095644623103,0,2,48889856,send_recv,2,4
855,2.498,2.511,2.503,2.5,0.005715476066494074,0,2,49020928,send_recv,2,4
856,2.505,2.513,2.510333333333333,2.513,0.0037712361663282566,0,2,49152000,send_recv,2,4
857,2.505,2.5100000000000002,2.508,2.509,0.0021602468994693915,0,2,49283072,send_recv,2,4
858,2.521,2.527,2.5243333333333333,2.525,0.0024944382578493754,0,2,49414144,send_recv,2,4
859,2.528,2.533,2.529666666666667,2.528,0.002357022603955108,0,2,49545216,send_recv,2,4
860,2.535,2.536,2.5353333333333334,2.535,0.00047140452079097976,0,2,49676288,send_recv,2,4
861,2.5300000000000002,2.541,2.535,2.5340000000000003,0.004546060565661809,0,2,49807360,send_recv,2,4
862,2.552,2.555,2.5533333333333332,2.553,0.0012472191289247074,0,2,49938432,send_recv,2,4
863,2.553,2.565,2.5580000000000003,2.556,0.005099019513592775,0,2,50069504,send_recv,2,4
864,2.548,2.57,2.5573333333333337,2.5540000000000003,0.009285592184789294,0,2,50200576,send_recv,2,4
865,2.569,2.573,2.5709999999999997,2.571,0.0016329931618554536,0,2,50331648,send_recv,2,4
866,2.578,2.584,2.5803333333333334,2.579,0.0026246692913373193,0,2,50462720,send_recv,2,4
867,2.575,2.587,2.5796666666666668,2.577,0.005249338582674583,0,2,50593792,send_recv,2,4
868,2.589,2.593,2.5913333333333335,2.592,0.001699673171197611,0,2,50724864,send_recv,2,4
869,2.586,2.606,2.5973333333333333,2.6,0.008379870059984387,0,2,50855936,send_recv,2,4
870,2.603,2.61,2.606,2.605,0.002943920288775826,0,2,50987008,send_recv,2,4
871,2.607,2.611,2.609,2.609,0.0016329931618554536,0,2,51118080,send_recv,2,4
872,2.609,2.623,2.614666666666667,2.612,0.006018490028422687,0,2,51249152,send_recv,2,4
873,2.622,2.6310000000000002,2.626666666666667,2.6270000000000002,0.003681787005729231,0,2,51380224,send_recv,2,4
874,2.605,2.641,2.6253333333333333,2.63,0.015062831370260005,0,2,51511296,send_recv,2,4
875,2.625,2.637,2.6300000000000003,2.628,0.005099019513592775,0,2,51642368,send_recv,2,4
876,2.638,2.649,2.6446666666666667,2.6470000000000002,0.004784233364802533,0,2,51773440,send_recv,2,4
877,2.6390000000000002,2.652,2.6470000000000002,2.65,0.005715476066493997,0,2,51904512,send_recv,2,4
878,2.656,2.664,2.659666666666667,2.6590000000000003,0.0032998316455372175,0,2,52035584,send_recv,2,4
879,2.657,2.669,2.662333333333333,2.661,0.004988876515698593,0,2,52166656,send_recv,2,4
880,2.668,2.677,2.6726666666666667,2.673,0.0036817870057290433,0,2,52297728,send_recv,2,4
881,2.6750000000000003,2.677,2.676,2.676,0.0008164965809276362,0,2,52428800,send_recv,2,4
882,2.682,2.691,2.686666666666666,2.6870000000000003,0.0036817870057290567,0,2,52559872,send_recv,2,4
883,2.686,2.694,2.69,2.69,0.0032659863237109073,0,2,52690944,send_recv,2,4
884,2.694,2.708,2.701333333333333,2.702,0.005734883511361842,0,2,52822016,send_recv,2,4
885,2.691,2.704,2.6993333333333336,2.703,0.005906681715556543,0,2,52953088,send_recv,2,4
886,2.703,2.711,2.7083333333333335,2.711,0.0037712361663282566,0,2,53084160,send_recv,2,4
887,2.69,2.722,2.7046666666666663,2.702,0.0131993265821489,0,2,53215232,send_recv,2,4
888,2.718,2.729,2.7216666666666662,2.718,0.005185449728701406,0,2,53346304,send_recv,2,4
889,2.71,2.722,2.715,2.713,0.005099019513592775,0,2,53477376,send_recv,2,4
890,2.738,2.742,2.7406666666666673,2.742,0.0018856180831641283,0,2,53608448,send_recv,2,4
891,2.737,2.751,2.7449999999999997,2.747,0.0058878405775518025,0,2,53739520,send_recv,2,4
892,2.744,2.746,2.744666666666667,2.744,0.0009428090415819595,0,2,53870592,send_recv,2,4
893,2.754,2.755,2.7546666666666666,2.755,0.00047140452079097976,0,2,54001664,send_recv,2,4
894,2.763,2.77,2.766,2.765,0.0029439202887759767,0,2,54132736,send_recv,2,4
895,2.753,2.763,2.757,2.755,0.004320493798938509,0,2,54263808,send_recv,2,4
896,2.754,2.767,2.760666666666667,2.761,0.005312459150169706,0,2,54394880,send_recv,2,4
897,2.7800000000000002,2.785,2.7823333333333338,2.782,0.0020548046676562913,0,2,54525952,send_recv,2,4
898,2.791,2.799,2.794333333333334,2.793,0.0033993463423951636,0,2,54657024,send_recv,2,4
899,2.789,2.791,2.7896666666666667,2.789,0.0009428090415819595,0,2,54788096,send_recv,2,4
900,2.8000000000000003,2.807,2.8040000000000003,2.805,0.002943920288775826,0,2,54919168,send_recv,2,4
901,2.8120000000000003,2.813,2.812666666666667,2.813,0.00047140452079097976,0,2,55050240,send_recv,2,4
902,2.8040000000000003,2.823,2.8136666666666668,2.814,0.007760297817881748,0,2,55181312,send_recv,2,4
903,2.81,2.821,2.8166666666666664,2.819,0.004784233364802461,0,2,55312384,send_recv,2,4
904,2.822,2.831,2.8266666666666667,2.827,0.0036817870057290433,0,2,55443456,send_recv,2,4
905,2.838,2.842,2.8396666666666666,2.839,0.001699673171197611,0,2,55574528,send_recv,2,4
906,2.838,2.843,2.8396666666666666,2.838,0.002357022603955108,0,2,55705600,send_recv,2,4
907,2.836,2.844,2.84,2.84,0.0032659863237109073,0,2,55836672,send_recv,2,4
908,2.853,2.863,2.858333333333333,2.859,0.004109609335312558,0,2,55967744,send_recv,2,4
909,2.86,2.863,2.861333333333333,2.861,0.001247219128924668,0,2,56098816,send_recv,2,4
910,2.863,2.878,2.8703333333333334,2.87,0.006128258770283461,0,2,56229888,send_recv,2,4
911,2.86,2.874,2.869,2.873,0.006377042156569797,0,2,56360960,send_recv,2,4
912,2.8810000000000002,2.8930000000000002,2.8860000000000006,2.884,0.005099019513592833,0,2,56492032,send_recv,2,4
913,2.891,2.898,2.893333333333333,2.891,0.003299831645537277,0,2,56623104,send_recv,2,4
914,2.894,2.907,2.9,2.899,0.0053541261347363,0,2,56754176,send_recv,2,4
915,2.876,2.902,2.890333333333333,2.8930000000000002,0.01078064108586427,0,2,56885248,send_recv,2,4
916,2.906,2.92,2.9136666666666664,2.915,0.0057927157323275046,0,2,57016320,send_recv,2,4
917,2.899,2.916,2.905,2.9,0.007788880963698594,0,2,57147392,send_recv,2,4
918,2.92,2.931,2.9250000000000003,2.924,0.004546060565662004,0,2,57278464,send_recv,2,4
919,2.926,2.928,2.9273333333333333,2.928,0.0009428090415819595,0,2,57409536,send_recv,2,4
920,2.9330000000000003,2.948,2.941333333333333,2.943,0.006236095644623102,0,2,57540608,send_recv,2,4
921,2.943,2.953,2.9469999999999996,2.945,0.004320493798938509,0,2,57671680,send_recv,2,4
922,2.926,2.952,2.9410000000000003,2.945,0.010984838035522616,0,2,57802752,send_recv,2,4
923,2.944,2.962,2.9516666666666667,2.949,0.007586537784494148,0,2,57933824,send_recv,2,4
924,2.96,2.974,2.967,2.967,0.005715476066494178,0,2,58064896,send_recv,2,4
925,2.948,2.966,2.9569999999999994,2.957,0.007348469228349632,0,2,58195968,send_recv,2,4
926,2.968,2.978,2.9730000000000003,2.973,0.004082482904638724,0,2,58327040,send_recv,2,4
927,2.966,2.983,2.9723333333333333,2.968,0.007586537784494025,0,2,58458112,send_recv,2,4
928,2.993,3.008,2.9996666666666667,2.998,0.006236095644623261,0,2,58589184,send_recv,2,4
929,2.982,2.995,2.9903333333333335,2.994,0.005906681715556426,0,2,58720256,send_recv,2,4
930,2.996,3.0020000000000002,2.998666666666667,2.998,0.0024944382578493754,0,2,58851328,send_recv,2,4
931,3.003,3.008,3.005333333333333,3.005,0.0020548046676562913,0,2,58982400,send_recv,2,4
932,3.0100000000000002,3.017,3.014333333333333,3.016,0.0030912061651651016,0,2,59113472,send_recv,2,4
933,3.005,3.007,3.0060000000000002,3.0060000000000002,0.0008164965809278175,0,2,59244544,send_recv,2,4
934,3.025,3.0420000000000003,3.0316666666666667,3.028,0.007408703590297766,0,2,59375616,send_recv,2,4
935,3.033,3.0380000000000003,3.0353333333333334,3.035,0.0020548046676564596,0,2,59506688,send_recv,2,4
936,3.0420000000000003,3.045,3.0436666666666667,3.044,0.0012472191289245099,0,2,59637760,send_recv,2,4
937,3.051,3.057,3.0536666666666665,3.053,0.0024944382578492175,0,2,59768832,send_recv,2,4
938,3.051,3.057,3.055,3.057,0.0028284271247460877,0,2,59899904,send_recv,2,4
939,3.0500000000000003,3.061,3.053666666666667,3.0500000000000003,0.005185449728701196,0,2,60030976,send_recv,2,4
940,3.071,3.077,3.0733333333333337,3.072,0.002624669291337188,0,2,60162048,send_recv,2,4
941,3.059,3.073,3.0676666666666663,3.071,0.006182412330330411,0,2,60293120,send_recv,2,4
942,3.079,3.083,3.0813333333333333,3.082,0.001699673171197553,0,2,60424192,send_recv,2,4
943,3.077,3.103,3.0879999999999996,3.084,0.010984838035522818,0,2,60555264,send_recv,2,4
944,3.1,3.114,3.105333333333333,3.102,0.006182412330330411,0,2,60686336,send_recv,2,4
945,3.102,3.106,3.1040000000000005,3.104,0.0016329931618554536,0,2,60817408,send_recv,2,4
946,3.109,3.111,3.1103333333333336,3.111,0.0009428090415821689,0,2,60948480,send_recv,2,4
947,3.11,3.115,3.1133333333333333,3.115,0.0023570226039553175,0,2,61079552,send_recv,2,4
948,3.122,3.1390000000000002,3.132,3.1350000000000002,0.00725718035235924,0,2,61210624,send_recv,2,4
949,3.13,3.146,3.135666666666667,3.1310000000000002,0.007318166133366652,0,2,61341696,send_recv,2,4
950,3.1390000000000002,3.1430000000000002,3.141,3.141,0.0016329931618554536,0,2,61472768,send_recv,2,4
951,3.126,3.146,3.138,3.142,0.008640987597877155,0,2,61603840,send_recv,2,4
952,3.154,3.1590000000000003,3.1566666666666667,3.157,0.0020548046676564596,0,2,61734912,send_recv,2,4
953,3.138,3.161,3.1519999999999997,3.157,0.010033277962195003,0,2,61865984,send_recv,2,4
954,3.154,3.172,3.1653333333333333,3.17,0.00805536398239645,0,2,61997056,send_recv,2,4
955,3.152,3.1710000000000003,3.163333333333334,3.1670000000000003,0.008178562764256922,0,2,62128128,send_recv,2,4
956,3.166,3.177,3.171,3.17,0.004546060565662005,0,2,62259200,send_recv,2,4
957,3.1710000000000003,3.184,3.1773333333333333,3.177,0.005312459150169706,0,2,62390272,send_recv,2,4
958,3.178,3.1950000000000003,3.189,3.194,0.007788880963698707,0,2,62521344,send_recv,2,4
959,3.1950000000000003,3.204,3.1990000000000003,3.198,0.003741657386773925,0,2,62652416,send_recv,2,4
960,3.211,3.216,3.2136666666666667,3.214,0.0020548046676564596,0,2,62783488,send_recv,2,4
961,3.216,3.218,3.217,3.217,0.0008164965809276362,0,2,62914560,send_recv,2,4
962,3.204,3.221,3.2116666666666664,3.21,0.007039570693980934,0,2,63045632,send_recv,2,4
963,3.216,3.236,3.224,3.22,0.008640987597877155,0,2,63176704,send_recv,2,4
964,3.234,3.235,3.234666666666666,3.235,0.00047140452079097976,0,2,63307776,send_recv,2,4
965,3.223,3.229,3.226333333333333,3.227,0.0024944382578493754,0,2,63438848,send_recv,2,4
966,3.237,3.25,3.2436666666666665,3.244,0.005312459150169705,0,2,63569920,send_recv,2,4
967,3.229,3.254,3.2436666666666674,3.248,0.010656244908763842,0,2,63700992,send_recv,2,4
968,3.257,3.2680000000000002,3.2626666666666666,3.263,0.00449691252107739,0,2,63832064,send_recv,2,4
969,3.2640000000000002,3.269,3.266666666666667,3.267,0.0020548046676562674,0,2,63963136,send_recv,2,4
970,3.265,3.273,3.269,3.269,0.0032659863237109073,0,2,64094208,send_recv,2,4
971,3.271,3.2840000000000003,3.2786666666666666,3.281,0.005557777333511165,0,2,64225280,send_recv,2,4
972,3.2760000000000002,3.286,3.281333333333334,3.282,0.004109609335312558,0,2,64356352,send_recv,2,4
973,3.281,3.289,3.286,3.2880000000000003,0.003559026084010461,0,2,64487424,send_recv,2,4
974,3.283,3.301,3.2923333333333336,3.293,0.007363574011458274,0,2,64618496,send_recv,2,4
975,3.286,3.3000000000000003,3.2953333333333337,3.3000000000000003,0.006599663291074554,0,2,64749568,send_recv,2,4
976,3.3120000000000003,3.317,3.314666666666666,3.315,0.0020548046676562674,0,2,64880640,send_recv,2,4
977,3.315,3.323,3.3203333333333336,3.323,0.0037712361663282566,0,2,65011712,send_recv,2,4
978,3.3200000000000003,3.3280000000000003,3.324666666666667,3.326,0.0033993463423951636,0,2,65142784,send_recv,2,4
979,3.331,3.335,3.332333333333333,3.331,0.0018856180831641283,0,2,65273856,send_recv,2,4
980,3.323,3.344,3.3343333333333334,3.336,0.008653836657164739,0,2,65404928,send_recv,2,4
981,3.341,3.344,3.343,3.344,0.0014142135623729393,0,2,65536000,send_recv,2,4
982,3.338,3.347,3.342,3.341,0.0037416573867738853,0,2,65667072,send_recv,2,4
983,3.348,3.37,3.360666666666667,3.364,0.009285592184789495,0,2,65798144,send_recv,2,4
984,3.346,3.366,3.358,3.362,0.008640987597877155,0,2,65929216,send_recv,2,4
985,3.367,3.383,3.3729999999999998,3.369,0.007118052168020839,0,2,66060288,send_recv,2,4
986,3.368,3.382,3.374,3.372,0.005887840577552005,0,2,66191360,send_recv,2,4
987,3.379,3.386,3.3833333333333333,3.3850000000000002,0.003091206165165309,0,2,66322432,send_recv,2,4
988,3.376,3.394,3.383333333333333,3.38,0.0077172246018602595,0,2,66453504,send_recv,2,4
989,3.3970000000000002,3.408,3.4036666666666666,3.406,0.004784233364802327,0,2,66584576,send_recv,2,4
990,3.391,3.404,3.3996666666666666,3.404,0.006128258770283365,0,2,66715648,send_recv,2,4
991,3.396,3.412,3.403,3.4010000000000002,0.006683312551921113,0,2,66846720,send_recv,2,4
992,3.411,3.418,3.4153333333333333,3.4170000000000003,0.003091206165165309,0,2,66977792,send_recv,2,4
993,3.4210000000000003,3.431,3.4273333333333333,3.43,0.0044969125210772695,0,2,67108864,send_recv,2,4
